GT_Label,AnomalyScore,RegionArea,MaxVal,RegionCount,Burn Through,Good,Notching,Porosity,CL_ConfMax,CL_ConfMargin,Row1,Col1,Length1,Length2,PHI,OD1_ClassID,OD1_Conf
Good,0.790766,4304,0.790766,3,0.546275,0.327645,0.126032,4.8e-05,0.546275,0.21863,227.639954,284.985321,93.405891,102.040596,1.314545,0.0,0.999985
Good,0.789653,4276,0.789653,3,0.790064,0.175717,0.034204,1.5e-05,0.790064,0.614348,216.527542,268.28006,92.438812,103.5429,1.270594,0.0,0.999741
Good,0.791093,4283,0.791093,3,0.793359,0.182694,0.023938,9e-06,0.793359,0.610664,218.135681,268.761292,92.420799,103.772362,1.297768,0.0,0.999767
Good,0.735408,4535,0.735408,8,0.668047,0.31802,0.013925,8e-06,0.668047,0.350027,258.655579,279.575195,98.634537,101.629822,1.262952,0.0,0.999999
Good,0.768132,4475,0.768132,4,0.981095,0.015005,0.003888,1.1e-05,0.981095,0.96609,223.82901,286.307404,97.910507,104.182632,1.301064,0.0,0.999954
Good,0.738077,4419,0.738077,7,0.735634,0.262855,0.001506,5e-06,0.735634,0.472779,258.089905,293.355225,100.827301,105.091675,1.212942,0.0,0.999998
Good,0.791849,4280,0.791849,6,0.644505,0.280779,0.073936,0.000781,0.644505,0.363726,228.606659,268.101196,95.439659,105.309456,1.307578,0.0,0.999998
Good,0.727631,4970,0.727631,9,0.887874,0.109874,0.002252,0.0,0.887874,0.778,260.187408,297.937683,103.018921,101.442635,1.241323,0.0,0.999989
Good,0.732748,5006,0.732748,8,0.906441,0.091563,0.001994,1e-06,0.906441,0.814878,257.633484,299.082092,98.480125,100.995689,1.187358,0.0,0.999994
Good,0.790898,4180,0.790898,4,0.800869,0.157476,0.041643,1.2e-05,0.800869,0.643394,223.432236,267.771576,92.313904,101.910034,1.252533,0.0,0.999997
Good,0.800675,4371,0.800675,6,0.787001,0.204831,0.008168,0.0,0.787001,0.582169,222.199188,264.551117,97.625206,104.855064,1.281797,0.0,0.999962
Good,0.726688,5002,0.726688,9,0.853494,0.14257,0.003936,0.0,0.853494,0.710924,270.559784,300.797852,104.363617,100.598473,1.174067,0.0,0.999956
Good,0.726998,4682,0.726998,8,0.640686,0.357983,0.001329,2e-06,0.640686,0.282703,270.985565,295.792572,97.124237,101.7444,1.142701,0.0,0.999996
Good,0.787031,4488,0.787031,4,0.589402,0.238425,0.171967,0.000205,0.589402,0.350977,232.923401,268.05603,93.435265,101.241127,1.251271,0.0,0.999999
Good,0.850343,6167,0.850343,4,0.755429,0.216421,0.018205,0.009945,0.755429,0.539008,233.540466,269.501953,90.572166,99.392776,1.273918,0.0,0.999993
Good,0.720049,4846,0.720049,8,0.893001,0.104994,0.001976,2.8e-05,0.893001,0.788007,271.358185,293.034424,102.99659,100.233452,1.190094,0.0,0.999979
Good,0.717606,4821,0.717606,8,0.587162,0.384137,0.02855,0.000151,0.587162,0.203025,276.264069,299.181213,97.287033,101.146553,1.167401,0.0,0.999998
Good,0.800456,4319,0.800456,4,0.736486,0.211032,0.051975,0.000507,0.736486,0.525454,225.696304,265.438995,92.63533,106.218681,1.279846,0.0,0.999998
Good,0.504678,1900,0.504678,7,0.965428,0.032362,0.002207,2e-06,0.965428,0.933066,271.772369,299.745483,103.507545,102.133537,1.155882,0.0,0.999995
Good,0.499604,1898,0.499604,6,0.966426,0.031299,0.002272,2e-06,0.966426,0.935127,271.893463,300.004486,103.450432,101.911835,1.153648,0.0,0.999994
Good,0.743567,2915,0.743567,14,0.966436,0.028452,0.005112,0.0,0.966436,0.937984,250.614594,262.524567,94.339607,102.713783,1.147231,0.0,0.999603
Good,0.736294,2782,0.736294,17,0.945208,0.04626,0.008532,0.0,0.945208,0.898948,250.860504,262.235596,95.215424,102.650284,1.142522,0.0,0.999353
Good,0.756551,2928,0.756551,14,0.973857,0.020593,0.005549,1e-06,0.973857,0.953264,247.401901,259.225983,94.91375,100.932838,1.173053,0.0,0.998908
Good,0.736147,3160,0.736147,19,0.916894,0.082009,0.001097,1e-06,0.916894,0.834884,250.863724,258.361389,94.827637,102.925644,1.085641,0.0,1.0
Good,0.725434,3299,0.725434,21,0.910641,0.087734,0.001625,0.0,0.910641,0.822908,249.746552,258.319641,94.29232,102.92115,1.083617,0.0,1.0
Good,0.733623,3180,0.733623,18,0.883189,0.115265,0.001545,1e-06,0.883189,0.767925,250.451553,258.327362,94.912262,102.894615,1.083575,0.0,1.0
Good,0.735234,3087,0.735234,16,0.885751,0.112964,0.001285,0.0,0.885751,0.772787,250.241226,258.299744,94.448761,103.105804,1.084236,0.0,1.0
Good,0.71827,2983,0.71827,12,0.979299,0.019652,0.001048,0.0,0.979299,0.959647,244.539368,261.248047,96.244209,100.544022,1.114651,0.0,0.999998
Good,0.729933,2709,0.729933,22,0.987016,0.012408,0.000576,0.0,0.987016,0.974608,245.477005,262.344696,96.222946,100.620079,1.109504,0.0,0.999995
Good,0.7245,2576,0.7245,13,0.983275,0.015795,0.00093,0.0,0.983275,0.96748,245.904099,260.421631,95.739586,100.890793,1.114522,0.0,0.999996
Good,0.715402,3752,0.715402,13,0.987238,0.01253,0.000233,0.0,0.987238,0.974708,238.631149,264.287781,101.244537,99.901428,1.135845,0.0,1.0
Good,0.722469,3520,0.722469,13,0.994511,0.005375,0.000114,0.0,0.994511,0.989136,237.653702,264.606323,102.23497,99.055275,1.123243,0.0,0.999999
Good,0.720884,3585,0.720884,15,0.990067,0.00984,9.3e-05,0.0,0.990067,0.980228,237.814117,266.856171,102.310661,99.879669,1.124151,0.0,0.999999
Good,0.737168,1907,0.737168,11,0.982112,0.016418,0.001469,0.0,0.982112,0.965694,196.700089,261.6008,96.17511,101.356171,1.076585,0.0,0.999972
Good,0.745115,1467,0.745115,18,0.981536,0.017476,0.000988,1e-06,0.981536,0.96406,193.645447,258.973663,96.585533,101.196999,1.086426,0.0,0.99991
Good,0.732259,2049,0.732259,11,0.966874,0.024314,0.008809,4e-06,0.966874,0.94256,208.55928,260.365417,93.887085,101.453697,1.05872,0.0,0.999991
Good,0.732077,1768,0.732077,8,0.96276,0.025905,0.011331,5e-06,0.96276,0.936855,208.354828,263.772095,93.13031,101.127312,1.057877,0.0,0.999992
Good,0.746552,5014,0.746552,14,0.82258,0.160854,0.016549,1.7e-05,0.82258,0.661725,212.55127,260.145905,94.441238,98.887047,1.129037,0.0,1.0
Good,0.71402,4545,0.71402,16,0.584028,0.350821,0.065105,4.7e-05,0.584028,0.233207,247.083984,258.788269,95.777641,99.670364,1.122547,0.0,0.999985
Good,0.731868,3038,0.731868,14,0.983067,0.016345,0.000587,0.0,0.983067,0.966722,253.859558,254.413376,93.951668,100.850647,1.080037,0.0,0.999999
Good,0.762106,2494,0.762106,20,0.878122,0.099841,0.022035,2e-06,0.878122,0.778281,206.310287,258.50415,96.623833,93.111061,1.061025,0.0,0.999953
Good,0.765732,2314,0.765732,22,0.950252,0.044459,0.005288,0.0,0.950252,0.905793,209.661728,255.776093,96.264381,96.739105,1.074648,0.0,0.999996
Good,0.756085,3791,0.756085,13,0.67407,0.252865,0.072961,0.000103,0.67407,0.421205,208.51915,259.726654,95.905922,101.729469,1.104093,0.0,0.999998
Good,0.76365,2806,0.76365,29,0.934778,0.062449,0.002771,1e-06,0.934778,0.872329,205.95874,252.529541,97.401016,99.826645,1.11419,0.0,0.999999
Good,0.736797,4221,0.736797,17,0.969002,0.028968,0.00203,0.0,0.969002,0.940033,255.344971,260.67041,95.363617,103.606201,1.073639,0.0,1.0
Good,0.764453,3272,0.764453,21,0.839705,0.120319,0.039965,1.2e-05,0.839705,0.719386,218.012009,252.831497,95.021164,100.662666,1.059434,0.0,0.999999
Good,0.753276,3057,0.753276,13,0.900385,0.090081,0.009535,0.0,0.900385,0.810304,214.425461,261.661133,93.127129,89.367622,1.015572,0.0,0.999979
Good,0.707552,2667,0.707552,20,0.983306,0.016473,0.000221,0.0,0.983306,0.966833,243.029831,263.376617,97.575874,102.357155,1.109408,0.0,0.999993
Good,0.733774,2735,0.733774,18,0.9756,0.024152,0.000248,0.0,0.9756,0.951448,248.667175,264.689728,93.820007,100.618195,1.078436,0.0,0.999999
Good,0.749255,3561,0.749255,16,0.950144,0.025174,0.024682,0.0,0.950144,0.924971,207.931122,266.36438,92.775726,98.566238,1.042639,0.0,0.999994
Good,0.73648,2937,0.73648,20,0.991749,0.006836,0.001414,0.0,0.991749,0.984913,234.745377,263.987244,103.896683,98.405571,1.102275,0.0,0.999997
Good,0.761506,2331,0.761506,14,0.704192,0.282934,0.012874,1e-06,0.704192,0.421258,209.323929,222.71257,93.323593,98.245125,1.082511,0.0,0.999997
Good,0.76932,2283,0.76932,18,0.608307,0.383322,0.00837,0.0,0.608307,0.224985,207.262772,259.499817,95.890259,92.982285,1.082048,0.0,0.999997
Good,0.748344,2825,0.748344,5,0.827731,0.072285,0.051657,0.048327,0.827731,0.755446,239.131912,253.562622,104.896507,101.496941,1.649104,0.0,0.999997
Good,0.738509,2740,0.738509,7,0.802404,0.082293,0.060332,0.054971,0.802404,0.720111,237.17749,253.933121,104.132744,101.160339,1.629095,0.0,0.999999
Good,0.736247,2712,0.736247,7,0.774795,0.089835,0.073908,0.061463,0.774795,0.68496,240.292709,254.872559,105.095261,101.61116,1.664863,0.0,0.999995
Good,0.743587,3642,0.743587,4,0.676001,0.205243,0.109105,0.009651,0.676001,0.470759,243.053741,249.908157,105.955429,106.432259,1.622772,0.0,1.0
Good,0.724203,3694,0.724203,5,0.698592,0.223583,0.061185,0.01664,0.698592,0.475008,243.013306,249.559891,106.146706,106.558273,1.630943,0.0,1.0
Good,0.71967,3604,0.71967,3,0.646999,0.261269,0.075368,0.016364,0.646999,0.38573,243.382156,250.744965,106.196686,106.821297,1.624712,0.0,1.0
Good,0.765147,3153,0.765147,7,0.650277,0.166175,0.16536,0.018188,0.650277,0.484102,247.450485,251.917358,111.046814,110.026375,1.622414,0.0,0.999998
Good,0.741304,3335,0.741304,6,0.65511,0.168917,0.156948,0.019025,0.65511,0.486193,246.99115,253.41684,111.04155,110.73909,1.62005,0.0,0.999998
Good,0.754078,3168,0.754078,7,0.592216,0.196365,0.188641,0.022779,0.592216,0.395851,246.883575,252.61113,111.014915,110.186226,1.615162,0.0,0.999998
Good,0.778282,3327,0.778282,7,0.56517,0.210368,0.210071,0.014391,0.56517,0.354802,240.506821,260.209595,106.283302,107.217392,1.596037,0.0,0.999997
Good,0.779909,3397,0.779909,6,0.54897,0.235008,0.199437,0.016585,0.54897,0.313962,240.473648,259.454376,105.375099,105.908195,1.601161,0.0,0.999997
Good,0.807319,3286,0.807319,14,0.946891,0.038586,0.008296,0.006227,0.946891,0.908305,244.125259,236.190704,106.195877,108.190643,1.579527,0.0,0.999999
Good,0.728995,3548,0.728995,4,0.914351,0.066491,0.018547,0.000611,0.914351,0.847861,244.845383,238.968399,105.599327,105.914322,1.579135,0.0,0.999999
Good,0.740877,3197,0.740877,8,0.984667,0.008646,0.006547,0.00014,0.984667,0.976021,243.982056,255.393021,105.299583,106.145607,1.575567,0.0,0.999996
Good,0.762097,3388,0.762097,4,0.799646,0.103479,0.087436,0.009439,0.799646,0.696167,239.02417,257.734924,106.892761,110.011101,1.585084,0.0,1.0
Good,0.759346,2953,0.759346,11,0.952327,0.035972,0.008479,0.003223,0.952327,0.916355,243.862625,260.535339,104.151154,105.056183,1.566674,0.0,1.0
Good,0.605049,2118,0.605049,2,0.922245,0.047682,0.024349,0.005724,0.922245,0.874564,238.146149,260.045715,107.627251,105.065697,1.573217,0.0,1.0
Good,0.769516,3001,0.769516,3,0.973653,0.022959,0.002063,0.001325,0.973653,0.950693,240.415268,261.511597,106.572235,106.511581,1.594069,0.0,1.0
Good,0.777549,2877,0.777549,6,0.867826,0.095782,0.03288,0.003511,0.867826,0.772044,241.585587,261.764648,108.037399,106.608398,1.602442,0.0,0.999999
Good,0.650582,2294,0.650582,5,0.766695,0.121036,0.076659,0.03561,0.766695,0.645659,240.693024,261.497284,107.388,106.351753,1.612522,0.0,0.999999
Good,0.805611,3156,0.805611,9,0.976724,0.020827,0.002186,0.000263,0.976724,0.955897,253.861282,237.004562,106.850082,105.460258,1.612655,0.0,0.999999
Good,0.783356,3026,0.783356,8,0.939022,0.054123,0.004031,0.002824,0.939022,0.884898,253.562592,244.269348,107.166214,104.565201,1.576097,0.0,0.999995
Good,0.769702,3252,0.769702,5,0.942373,0.047421,0.00551,0.004696,0.942373,0.894952,250.32106,247.076691,106.341949,105.710686,1.610146,0.0,0.999999
Good,0.786246,3111,0.786246,8,0.975436,0.020583,0.003366,0.000614,0.975436,0.954853,245.878296,267.213928,108.41095,108.552475,1.586718,0.0,0.999997
Good,0.7337,2725,0.7337,5,0.980971,0.007734,0.00754,0.003754,0.980971,0.973237,233.788727,246.867615,105.88356,103.784386,1.51763,0.0,0.999907
Good,0.781356,3596,0.781356,10,0.432582,0.303477,0.181892,0.082049,0.432582,0.129106,242.276199,237.225296,109.368195,105.474457,1.598969,0.0,0.999995
Good,0.691217,3338,0.691217,6,0.912153,0.049864,0.029815,0.008169,0.912153,0.862289,246.326431,241.804764,106.116837,102.438347,1.620457,0.0,0.999998
Good,0.734109,2505,0.734109,13,0.975896,0.018084,0.004474,0.001545,0.975896,0.957812,239.226639,259.218018,106.181717,103.461052,1.556905,0.0,0.999984
Good,0.793747,2519,0.793747,7,0.970096,0.014558,0.010891,0.004455,0.970096,0.955538,243.220001,255.785812,107.538132,107.230072,1.603628,0.0,0.999997
Good,0.666208,2355,0.666208,4,0.88961,0.065265,0.038347,0.006778,0.88961,0.824344,243.327713,252.454315,105.023949,104.025734,1.624491,0.0,0.999997
Good,0.770568,2909,0.770568,11,0.932292,0.036524,0.024926,0.006258,0.932292,0.895768,242.376648,227.609161,104.481529,102.365738,1.607012,0.0,0.999997
Good,0.606229,3087,0.606229,6,0.841461,0.151949,0.006244,0.000346,0.841461,0.689512,250.792023,254.228149,107.402061,102.779449,1.644488,0.0,0.999998
Good,0.718078,3427,0.718078,6,0.702071,0.270584,0.014218,0.013127,0.702071,0.431487,255.268051,242.689789,108.455032,105.335068,1.642571,0.0,0.999997
Good,0.741404,3146,0.741404,9,0.846754,0.11595,0.031164,0.006132,0.846754,0.730804,248.389542,236.772598,109.725807,107.626221,1.627631,0.0,0.999999
Good,0.719317,3044,0.719317,9,0.93633,0.050253,0.01078,0.002636,0.93633,0.886077,245.095291,232.991882,107.318573,106.889771,1.580337,0.0,1.0
Good,0.608017,2406,0.608017,4,0.913634,0.070276,0.01297,0.00312,0.913634,0.843358,245.281937,268.472687,108.398048,107.024078,1.608841,0.0,0.999999
Good,0.692936,2481,0.692936,6,0.955128,0.036371,0.006179,0.002321,0.955128,0.918757,245.658356,266.966827,109.131454,108.505562,1.584295,0.0,0.999999
Good,0.69651,2662,0.69651,4,0.983247,0.010751,0.005767,0.000235,0.983247,0.972496,246.713303,265.610168,107.870544,105.625633,1.616186,0.0,0.999998
Good,0.760256,2853,0.760256,7,0.976054,0.014951,0.00854,0.000455,0.976054,0.961103,244.798706,260.521729,107.608055,107.461357,1.589688,0.0,0.999998
Good,0.704103,2470,0.704103,5,0.782886,0.16944,0.03075,0.016924,0.782886,0.613446,246.182587,255.846817,109.071526,110.403954,1.619192,0.0,1.0
Good,0.645193,1723,0.645193,2,0.743513,0.241161,0.014514,0.000812,0.743513,0.502352,245.609711,271.390137,108.590034,105.883766,1.56083,0.0,0.999999
Good,0.769484,3021,0.769484,6,0.986956,0.009993,0.001988,0.001064,0.986956,0.976963,222.531311,265.039185,107.915962,105.983727,1.582475,0.0,0.999996
Good,0.804453,3119,0.804453,9,0.962168,0.021203,0.012354,0.004275,0.962168,0.940965,241.699921,240.947998,108.281616,104.795853,1.608904,0.0,0.999999
Good,0.744342,3724,0.744342,6,0.958467,0.026277,0.014817,0.000438,0.958467,0.93219,244.287933,233.688049,107.567657,103.162277,1.600712,0.0,1.0
Good,0.625705,2122,0.625705,2,0.953723,0.037834,0.008216,0.000227,0.953723,0.915889,238.446243,263.342621,106.986732,104.43866,1.591109,0.0,1.0
Good,0.821343,3305,0.821343,7,0.940452,0.031672,0.024784,0.003092,0.940452,0.90878,247.308304,227.362701,106.065239,103.807121,1.590757,0.0,0.999999
Good,0.72768,2770,0.72768,6,0.944608,0.031153,0.018257,0.005983,0.944608,0.913455,243.500443,262.742401,109.455215,107.233536,1.613657,0.0,0.999999
Good,0.676316,3276,0.676316,3,0.953946,0.026651,0.016276,0.003127,0.953946,0.927295,246.216309,219.931442,105.187096,101.766945,1.642881,0.0,0.999995
Good,0.73654,2742,0.73654,5,0.947081,0.035789,0.014297,0.002833,0.947081,0.911293,235.624054,260.082001,106.990143,106.269096,1.575775,0.0,0.999999
Good,0.61779,2131,0.61779,3,0.843212,0.069843,0.061563,0.025381,0.843212,0.773369,237.112839,255.291901,108.624222,106.077225,1.568139,0.0,0.999951
Good,0.655049,1403,0.655049,4,0.919086,0.048335,0.030689,0.001889,0.919086,0.870751,239.239182,273.386078,107.527084,104.996521,1.615056,0.0,0.999995
Good,0.7767,3714,0.7767,6,0.825992,0.172601,0.000707,0.0007,0.825992,0.65339,255.310486,230.897751,102.823761,106.593353,1.563151,0.0,0.99999
Good,0.787282,3719,0.787282,4,0.972076,0.026602,0.000895,0.000427,0.972076,0.945473,245.489395,229.800934,105.285255,101.335693,1.60885,0.0,1.0
Good,0.741727,2883,0.741727,6,0.983859,0.009767,0.006168,0.000207,0.983859,0.974092,246.578949,258.409149,106.808334,102.916679,1.608559,0.0,0.999999
Good,0.668625,3814,0.668625,3,0.968242,0.018225,0.013114,0.000418,0.968242,0.950017,245.891815,224.378952,103.82621,101.618652,1.622137,0.0,0.999999
Good,0.630351,2782,0.630351,6,0.9119,0.067744,0.012487,0.00787,0.9119,0.844156,243.863754,243.636368,108.956802,105.147049,1.62694,0.0,0.999998
Good,0.699501,4099,0.699501,3,0.948927,0.020819,0.016577,0.013678,0.948927,0.928108,250.236938,218.134964,107.530846,102.291077,1.650282,0.0,1.0
Good,0.629053,2631,0.629053,4,0.99319,0.004347,0.002393,7e-05,0.99319,0.988843,247.681931,255.051559,106.026344,102.307327,1.627627,0.0,0.999998
Good,0.662715,1800,0.662715,10,0.992103,0.004324,0.002672,0.000901,0.992103,0.987779,247.10408,266.538635,110.581032,105.300598,1.617273,0.0,0.999998
Good,0.64073,1941,0.64073,10,0.965725,0.020776,0.011416,0.002083,0.965725,0.944949,245.073517,263.390686,109.115425,105.463966,1.61029,0.0,0.999998
Good,0.65761,2895,0.65761,9,0.951897,0.04127,0.004631,0.002201,0.951897,0.910627,252.041992,233.975983,107.74073,103.656387,1.618472,0.0,0.999997
Good,0.657962,2046,0.657962,7,0.988673,0.00609,0.003286,0.001951,0.988673,0.982583,242.850403,258.170776,106.833878,104.571114,1.625591,0.0,0.999996
Good,0.773313,3102,0.773313,3,0.986355,0.009269,0.004344,3.2e-05,0.986355,0.977087,252.392365,235.416336,106.741341,100.90451,1.623409,0.0,0.999999
Good,0.649086,2804,0.649086,8,0.92941,0.038222,0.026028,0.006339,0.92941,0.891188,252.656708,237.846786,110.908813,103.68576,1.594172,0.0,0.999996
Good,0.661787,1915,0.661787,8,0.986984,0.009825,0.002271,0.00092,0.986984,0.97716,236.805832,268.734711,108.608284,104.713722,1.579953,0.0,0.999998
Good,1.041929,2435,1.041929,2,0.958629,0.032692,0.00856,0.000119,0.958629,0.925938,245.158539,270.123962,108.542519,104.32209,1.596515,0.0,1.0
Good,0.749168,1806,0.749168,4,0.991938,0.006472,0.001571,1.8e-05,0.991938,0.985466,244.042358,270.690826,108.972084,104.108162,1.602851,0.0,1.0
Good,0.747084,1777,0.747084,4,0.992549,0.0059,0.001532,2e-05,0.992549,0.986649,245.258087,270.907928,108.267632,103.909927,1.595596,0.0,1.0
Good,0.699315,2001,0.699315,2,0.815287,0.176242,0.008434,3.7e-05,0.815287,0.639045,241.564926,257.407837,106.788498,105.071404,1.663021,0.0,0.999992
Good,0.716521,1891,0.716521,2,0.761252,0.219467,0.018846,0.000435,0.761252,0.541785,241.908524,258.717804,106.403954,104.461113,1.662341,0.0,0.999991
Good,0.717601,1855,0.717601,2,0.751374,0.233748,0.014608,0.00027,0.751374,0.517626,241.837738,259.052643,106.676277,104.824341,1.655066,0.0,0.999994
Good,0.980458,3573,0.980458,2,0.688187,0.186993,0.068404,0.056416,0.688187,0.501194,248.407883,236.957794,108.477859,104.279808,1.620678,0.0,1.0
Good,0.623837,3578,0.623837,4,0.462319,0.302777,0.143718,0.091186,0.462319,0.159542,248.16922,237.212906,108.064362,103.769829,1.632671,0.0,0.999999
Good,0.64437,3787,0.64437,3,0.542799,0.225982,0.147305,0.083914,0.542799,0.316817,247.654602,233.655701,107.646027,103.808357,1.623762,0.0,1.0
Good,0.858553,2191,0.858553,2,0.851928,0.092665,0.048625,0.006782,0.851928,0.759263,240.04805,267.457275,108.620308,106.598427,1.578971,0.0,1.0
Good,0.630395,2281,0.630395,2,0.863926,0.100109,0.034263,0.001702,0.863926,0.763816,239.7202,267.898438,108.72467,105.851089,1.578691,0.0,1.0
Good,0.625987,2364,0.625987,2,0.856353,0.109355,0.032527,0.001765,0.856353,0.746998,240.392395,267.283875,108.480659,105.506645,1.577632,0.0,1.0
Good,0.808523,3009,0.808523,7,0.913781,0.078518,0.004485,0.003216,0.913781,0.835263,244.01651,220.698807,105.296921,103.13723,1.622359,0.0,0.999994
Good,0.637008,2807,0.637008,2,0.934117,0.053278,0.012464,0.00014,0.934117,0.880839,246.024902,227.214783,107.005791,105.334618,1.637268,0.0,0.999982
Good,0.294978,148,0.294978,2,0.496747,0.36753,0.105494,0.030229,0.496747,0.129217,245.196396,217.708954,107.316315,104.715393,1.625932,0.0,0.999999
Good,0.592209,2620,0.592209,2,0.607714,0.313964,0.052514,0.025808,0.607714,0.29375,245.911652,233.01915,109.082756,109.553856,1.64127,0.0,0.999998
Good,0.794661,2603,0.794661,8,0.940981,0.046073,0.009958,0.002988,0.940981,0.894909,237.926956,249.133942,107.548904,106.698807,1.608271,0.0,0.999998
Good,0.793434,2597,0.793434,7,0.928403,0.056465,0.011943,0.00319,0.928403,0.871938,237.956177,250.49147,107.667366,107.500389,1.605865,0.0,0.999997
Good,0.808567,3026,0.808567,6,0.914677,0.079084,0.003905,0.002335,0.914677,0.835593,244.055847,220.888046,105.303207,103.700485,1.62067,0.0,0.999994
Good,0.808491,3021,0.808491,7,0.924154,0.069123,0.004225,0.002498,0.924154,0.855031,244.329239,220.817352,105.149048,103.457214,1.620718,0.0,0.999993
Good,0.450518,343,0.450518,1,0.983647,0.01038,0.005891,8.2e-05,0.983647,0.973267,262.014648,254.86113,104.602409,102.623337,1.593347,0.0,0.999999
Good,0.454454,347,0.454454,1,0.982549,0.010907,0.006459,8.4e-05,0.982549,0.971642,262.089417,255.702835,105.113731,102.9701,1.590601,0.0,0.999999
Good,0.360184,300,0.360184,9,0.822211,0.096121,0.073235,0.008433,0.822211,0.72609,269.146454,254.81897,104.731194,109.146164,1.601467,0.0,1.0
Good,0.373112,332,0.373112,9,0.882663,0.05603,0.053655,0.007652,0.882663,0.826633,269.097809,255.229492,104.489494,108.93924,1.599889,0.0,1.0
Good,0.359808,277,0.359808,10,0.763811,0.14296,0.082968,0.010261,0.763811,0.620851,268.20639,255.297211,105.284775,109.251297,1.604399,0.0,1.0
Good,0.393131,568,0.393131,10,0.773733,0.168894,0.056449,0.000925,0.773733,0.604839,271.417175,255.296295,97.910492,107.634628,1.600798,0.0,0.999999
Good,0.420306,623,0.420306,9,0.811193,0.121826,0.06505,0.001931,0.811193,0.689367,271.006714,254.883408,97.476631,107.701714,1.599247,0.0,0.999999
Good,0.422878,511,0.422878,10,0.820263,0.101891,0.075938,0.001909,0.820263,0.718372,271.863525,254.229309,97.170639,107.603699,1.612538,0.0,0.999999
Good,0.413381,490,0.413381,9,0.81821,0.119481,0.060992,0.001316,0.81821,0.698729,271.474701,254.374146,97.236618,107.406639,1.599416,0.0,0.999999
Good,0.39371,507,0.39371,8,0.715074,0.159376,0.104644,0.020906,0.715074,0.555698,271.404907,257.458557,109.17775,112.236473,1.57518,0.0,0.999997
Good,0.38522,458,0.38522,12,0.642807,0.166058,0.160948,0.030187,0.642807,0.476749,271.071411,257.285156,109.034615,111.829262,1.565101,0.0,0.999996
Good,0.383352,343,0.383352,10,0.689291,0.169923,0.117644,0.023142,0.689291,0.519369,271.390289,258.018433,109.109894,112.937981,1.56957,0.0,0.999996
Good,0.400416,613,0.400416,10,0.846404,0.06837,0.057778,0.027448,0.846404,0.778034,278.018646,254.717072,107.963829,112.604301,1.591981,0.0,0.999999
Good,0.420389,342,0.420389,11,0.695253,0.145725,0.110811,0.048211,0.695253,0.549528,278.789215,256.172668,108.298691,112.646217,1.594852,0.0,0.999998
Good,0.40012,307,0.40012,7,0.558747,0.212237,0.163909,0.065107,0.558747,0.346509,276.62854,259.614807,110.08242,113.87265,1.598661,0.0,0.999992
Good,0.507247,1340,0.507247,12,0.963606,0.024459,0.011621,0.000315,0.963606,0.939147,248.617142,230.138901,107.698151,116.382607,1.595065,0.0,0.999998
Good,0.612988,1483,0.612988,8,0.996219,0.002527,0.001193,6.1e-05,0.996219,0.993692,251.177917,226.164368,107.539169,115.123917,1.603618,0.0,0.999999
Good,0.695003,888,0.695003,10,0.690146,0.276995,0.032756,0.000103,0.690146,0.413151,252.776642,235.957504,110.218796,113.749451,1.627105,0.0,0.999994
Good,0.412408,614,0.412408,10,0.900331,0.04892,0.038219,0.01253,0.900331,0.851411,273.299316,250.61824,109.024635,112.583145,1.610746,0.0,0.999822
Good,0.473643,590,0.473643,8,0.646852,0.325675,0.024488,0.002985,0.646852,0.321177,266.577179,231.245483,108.272171,110.837379,1.579011,0.0,0.999989
Good,0.350088,119,0.350088,8,0.46185,0.374533,0.104456,0.059161,0.46185,0.087317,276.631989,262.010681,108.834808,110.540176,1.565491,0.0,0.99996
Good,0.410649,716,0.410649,15,0.657982,0.240661,0.08127,0.020087,0.657982,0.417321,267.649597,265.70697,108.660957,111.36261,1.591082,0.0,0.99997
Good,0.403027,543,0.403027,11,0.547581,0.261559,0.111929,0.078931,0.547581,0.286023,269.514191,254.04277,106.699013,111.892776,1.595043,0.0,0.999995
Good,0.643644,1021,0.643644,12,0.830565,0.079886,0.054154,0.035395,0.830565,0.750679,253.996964,238.548248,109.757454,116.499901,1.581654,0.0,0.999992
Bad,0.763285,4741,0.763285,6,0.521733,0.459562,0.018703,1e-06,0.521733,0.062171,252.054749,312.657074,104.267471,102.461128,1.204103,0.0,0.999625
Bad,0.790787,4359,0.790787,8,0.920271,0.079333,0.000395,0.0,0.920271,0.840938,231.638657,300.662781,98.862129,104.062988,1.165529,0.0,0.987559
Bad,0.814136,4381,0.814136,8,0.854222,0.143008,0.00277,0.0,0.854222,0.711214,218.720398,294.771606,99.267426,102.559052,1.175996,0.0,0.99877
Bad,0.819226,4345,0.819226,16,0.761255,0.23638,0.002365,0.0,0.761255,0.524875,225.865112,297.663788,99.147316,97.73056,1.138832,0.0,0.999929
Bad,0.837033,4667,0.837033,8,0.635202,0.30975,0.055047,0.0,0.635202,0.325452,218.875336,291.585571,99.766556,102.529251,1.192796,0.0,0.999988
Bad,0.742282,5001,0.742282,7,0.550538,0.445515,0.003889,5.9e-05,0.550538,0.105023,248.498489,235.926834,102.130295,102.795197,1.391696,0.0,0.999998
Bad,0.735823,4963,0.735823,4,0.874488,0.123935,0.001576,0.0,0.874488,0.750552,244.447479,234.516144,102.550018,100.792053,1.521618,0.0,1.0
Bad,0.798722,4881,0.798722,5,0.791704,0.195602,0.012694,0.0,0.791704,0.596102,240.23616,243.252304,101.145416,101.912033,1.442773,0.0,0.999999
Bad,0.764579,4759,0.764579,9,0.561022,0.429309,0.009663,6e-06,0.561022,0.131713,226.306046,241.229294,103.543007,105.264244,1.426636,0.0,0.999996
Bad,0.75828,4763,0.75828,5,0.746537,0.251199,0.00226,4e-06,0.746537,0.495338,230.608673,244.695923,101.409218,102.148811,1.403537,0.0,0.999999
Bad,0.788939,4707,0.788939,3,0.8677,0.095478,0.036814,8e-06,0.8677,0.772221,246.289215,243.742325,98.823982,105.085587,1.352154,0.0,0.999995
Bad,0.786769,5242,0.786769,6,0.630843,0.311348,0.057795,1.4e-05,0.630843,0.319495,228.772247,258.579315,95.65522,100.087898,1.354961,0.0,0.999999
Bad,0.777295,4825,0.777295,6,0.58613,0.399801,0.014062,8e-06,0.58613,0.186329,225.886444,237.58284,98.853241,104.916672,1.313329,0.0,1.0
Bad,0.759435,4549,0.759435,4,0.69114,0.306184,0.002675,0.0,0.69114,0.384956,226.094467,233.413498,95.247086,100.900337,1.291604,0.0,1.0
Bad,0.790177,5609,0.790177,3,0.99922,0.000746,3.4e-05,0.0,0.99922,0.998475,250.299545,246.668198,100.356514,105.482437,1.415798,0.0,0.999997
Bad,0.731549,4909,0.731549,3,0.96722,0.032374,0.000406,0.0,0.96722,0.934846,269.55011,243.387268,98.762619,101.840393,1.338852,0.0,0.999994
Bad,0.729062,5205,0.729062,7,0.965184,0.033837,0.000979,0.0,0.965184,0.931347,277.572754,286.970398,105.684616,103.302872,1.151474,0.0,0.999864
Bad,0.757661,4930,0.757661,5,0.996148,0.002796,0.001057,0.0,0.996148,0.993352,277.606262,282.942169,113.900818,100.860825,1.193796,0.0,0.999985
Bad,0.738034,4695,0.738034,5,0.90548,0.092237,0.002219,6.3e-05,0.90548,0.813243,264.810791,279.915588,106.171059,104.680367,1.216039,0.0,0.999988
Bad,0.759704,4622,0.759704,6,0.964614,0.033563,0.001822,1e-06,0.964614,0.931051,264.059631,278.746643,106.691544,104.92981,1.201568,0.0,0.999965
Bad,0.764907,4412,0.764907,5,0.882618,0.114992,0.002389,1e-06,0.882618,0.767626,260.431763,291.830566,102.206795,99.984406,1.184255,0.0,0.999978
Bad,0.721632,4731,0.721632,5,0.889511,0.103702,0.006785,2e-06,0.889511,0.785809,274.011017,287.743317,105.300323,104.066849,1.240785,0.0,0.999346
Bad,0.7909,6756,0.7909,7,0.718187,0.207019,0.074601,0.000192,0.718187,0.511168,254.929703,289.085938,107.250565,102.20636,1.241469,0.0,0.999963
Bad,0.80617,5765,0.80617,5,0.742605,0.19895,0.058444,1e-06,0.742605,0.543655,252.181702,300.324005,99.074333,100.015961,1.200047,0.0,0.999967
Bad,0.755617,6175,0.755617,5,0.88893,0.05942,0.051649,1e-06,0.88893,0.82951,243.096817,313.193665,97.953125,97.134453,1.187502,0.0,0.999993
Bad,0.771799,4731,0.771799,10,0.962885,0.03651,0.000605,0.0,0.962885,0.926375,201.657074,248.413513,96.519318,98.890709,1.183458,0.0,0.999998
Bad,0.729795,3340,0.729795,16,0.764334,0.152849,0.081904,0.000913,0.764334,0.611484,266.57486,287.386932,98.601181,95.251564,1.120779,0.0,0.999998
Bad,0.739734,4154,0.739734,12,0.9631,0.029193,0.007705,2e-06,0.9631,0.933908,263.986755,278.387787,98.286301,98.070885,1.12761,0.0,0.999964
Bad,0.744165,3047,0.744165,19,0.991525,0.008413,6.2e-05,0.0,0.991525,0.983113,241.677628,259.975006,97.514496,97.964424,1.122189,0.0,0.999991
Bad,0.749312,2788,0.749312,10,0.961115,0.038753,0.000132,0.0,0.961115,0.922362,252.989532,255.598328,95.904106,103.978455,1.076187,0.0,0.999996
Bad,0.849557,3279,0.849557,5,0.896299,0.099085,0.00461,6e-06,0.896299,0.797215,288.00177,277.249603,102.739517,100.572601,1.605959,0.0,0.999662
Bad,0.853779,3326,0.853779,4,0.726186,0.209233,0.060426,0.004154,0.726186,0.516953,270.31665,297.391663,102.580711,102.4935,1.459182,0.0,0.999987
Bad,0.861549,4400,0.861549,5,0.935471,0.038897,0.025628,5e-06,0.935471,0.896574,232.622971,256.694183,104.700531,102.186897,1.437698,0.0,0.999949
Bad,0.861806,3446,0.861806,6,0.475517,0.403391,0.121043,4.9e-05,0.475517,0.072126,250.308151,269.723267,107.30262,101.613167,1.48677,0.0,0.999704
Bad,0.86816,4249,0.86816,2,0.443592,0.377985,0.178355,6.8e-05,0.443592,0.065607,247.924942,259.881622,102.486176,100.163132,1.618064,0.0,0.999912
Bad,0.849249,4112,0.849249,3,0.49422,0.28529,0.204988,0.015501,0.49422,0.20893,239.064896,253.324905,101.439392,103.203819,1.388426,0.0,0.999758
Bad,0.868943,4289,0.868943,4,0.740227,0.235943,0.023748,8.2e-05,0.740227,0.504284,244.982132,259.956818,101.511269,100.563568,1.376471,0.0,0.998505
Bad,0.630003,3468,0.630003,4,0.605186,0.215781,0.179017,1.6e-05,0.605186,0.389405,253.081238,233.081451,104.987633,101.237144,1.574769,0.0,0.999997
Bad,0.628065,3034,0.628065,3,0.509824,0.487696,0.002478,2e-06,0.509824,0.022128,256.99704,243.897873,108.587517,104.06382,1.613177,0.0,1.0
Bad,0.726133,2544,0.726133,6,0.920692,0.051595,0.025275,0.002438,0.920692,0.869097,238.571182,234.742172,107.262207,106.423416,1.624979,0.0,0.999997
Bad,0.784502,3468,0.784502,10,0.81728,0.170139,0.010855,0.001725,0.81728,0.64714,250.977142,214.897324,109.129875,103.464127,1.663968,0.0,0.999997
Bad,0.6839,3128,0.6839,2,0.872153,0.120267,0.005577,0.002003,0.872153,0.751886,244.397476,238.32869,108.187805,105.312981,1.548795,0.0,0.999982
Bad,0.69207,2291,0.69207,5,0.958656,0.036862,0.003679,0.000803,0.958656,0.921795,243.628403,248.920456,108.52887,109.964195,1.5986,0.0,0.999998
Bad,0.736532,1955,0.736532,13,0.994374,0.004112,0.001261,0.000254,0.994374,0.990262,240.043335,245.534683,106.500633,107.107407,1.637991,0.0,0.999995
Bad,0.727066,1940,0.727066,8,0.979225,0.010513,0.010125,0.000137,0.979225,0.968712,230.087524,247.35025,107.800873,109.228279,1.631204,0.0,0.999989
Bad,0.624947,1937,0.624947,5,0.972326,0.023822,0.003577,0.000275,0.972326,0.948504,236.115845,243.918076,107.905914,107.443321,1.581138,0.0,0.999995
Bad,0.715263,2006,0.715263,6,0.956655,0.040663,0.001746,0.000936,0.956655,0.915992,238.780136,250.377258,107.804092,105.681816,1.570507,0.0,0.99999
Bad,0.843909,3089,0.843909,2,0.99158,0.00521,0.00321,0.0,0.99158,0.986369,230.91539,239.884079,104.178825,102.056595,1.627649,0.0,0.999999
Bad,0.809423,2790,0.809423,3,0.932585,0.044294,0.022886,0.000235,0.932585,0.888291,240.755859,232.716965,106.128792,102.33062,1.608069,0.0,0.999999
Bad,0.715939,2912,0.715939,2,0.880726,0.098243,0.019261,0.001771,0.880726,0.782483,230.015854,240.415375,106.08165,106.289757,1.574316,0.0,0.999997
Bad,0.639228,2378,0.639228,1,0.988472,0.005964,0.005561,3e-06,0.988472,0.982508,239.784073,259.999908,108.211349,109.644928,1.579354,0.0,1.0
Bad,0.655128,2218,0.655128,2,0.967418,0.027776,0.004757,4.9e-05,0.967418,0.939641,237.184128,257.146912,105.702789,105.347092,1.608237,0.0,0.999997
Bad,0.708783,2782,0.708783,4,0.840275,0.08398,0.073024,0.00272,0.840275,0.756295,243.929947,250.654739,107.372108,109.039665,1.603975,0.0,0.999998
Bad,0.732348,4269,0.732348,4,0.967925,0.018496,0.01354,3.9e-05,0.967925,0.949428,248.410675,236.935577,107.788948,107.125366,1.58133,0.0,0.999999
Bad,0.855868,2700,0.855868,1,0.924642,0.053862,0.021466,3e-05,0.924642,0.87078,225.438705,274.177246,102.014122,102.936089,1.4795,0.0,0.99998
Bad,0.724088,2426,0.724088,3,0.889805,0.064877,0.045268,5e-05,0.889805,0.824929,244.975815,275.775543,108.466904,105.964882,1.614552,0.0,0.999999
Bad,0.485222,1524,0.485222,20,0.825918,0.096051,0.077865,0.000166,0.825918,0.729867,271.014709,289.138245,103.004425,102.805344,1.461046,0.0,0.999999
Bad,0.391589,389,0.391589,3,0.966964,0.032926,0.000109,0.0,0.966964,0.934038,262.351593,254.785751,105.357018,107.807961,1.601135,0.0,1.0
Bad,0.388893,197,0.388893,5,0.797382,0.19632,0.00587,0.000428,0.797382,0.601063,249.121246,267.394958,108.488365,106.088173,1.606499,0.0,1.0
Bad,0.394549,382,0.394549,9,0.676809,0.303433,0.019722,3.7e-05,0.676809,0.373376,268.274414,267.872467,107.663673,106.968262,1.584506,0.0,0.999999
Bad,0.411405,643,0.411405,13,0.898263,0.098179,0.003476,8.1e-05,0.898263,0.800085,266.432098,264.97934,105.886734,104.943199,1.587474,0.0,0.999996
Bad,0.643042,1752,0.643042,4,0.840779,0.156551,0.002659,1.1e-05,0.840779,0.684229,242.328964,238.773224,107.174683,108.04882,1.566113,0.0,0.999998
Bad,0.451261,479,0.451261,9,0.576421,0.367983,0.038111,0.017485,0.576421,0.208438,253.015442,268.15213,109.317963,106.558281,1.577885,0.0,0.999989
