GT_Label,AnomalyScore,RegionArea,MaxVal,RegionCount,Burn-Through,Good,Lack of Fusion,Off Position,Other,Presence,Skip-Discontinuity,Splatter,Surface Porosity,Weld Length,CL_ConfMax,CL_ConfMargin,Row1,Col1,Row2,Col2,OD1_ClassID,OD1_Conf,OD1_Cx,OD1_Cy,OD1_W,OD1_H
Good,1.231204,30112,1.231204,2,1.0,0.0,0.0,0.0,0.0,0.0,0.0,0.0,0.0,0.0,1.0,1.0,82.747589,122.273483,170.980255,198.605667,1.0,0.999667,160.439575,126.863922,76.332184,88.232666
Good,1.276989,27982,1.276989,3,0.945893,0.053829,0.000262,1.3e-05,3e-06,0.0,0.0,0.0,0.0,0.0,0.945893,0.892064,72.955338,59.229782,196.398331,207.179794,4.0,0.540139,133.204788,134.676834,147.950012,123.442993
Good,1.358828,27416,1.358828,6,0.9848,0.011301,0.003507,0.000392,0.0,0.0,0.0,0.0,0.0,0.0,0.9848,0.9735,0.0,0.0,0.0,0.0,0.0,0.0,0.0,0.0,0.0,0.0
Good,1.111974,30505,1.111974,3,0.999997,3e-06,0.0,0.0,0.0,0.0,0.0,0.0,0.0,0.0,0.999997,0.999994,101.428528,119.416656,170.923218,194.184875,1.0,0.965897,156.800766,136.175873,74.768219,69.49469
Good,1.068546,26390,1.068546,2,1.0,0.0,0.0,0.0,0.0,0.0,0.0,0.0,0.0,0.0,1.0,1.0,79.887184,118.992279,168.723083,194.362823,1.0,0.999833,156.677551,124.305134,75.370544,88.835899
Good,1.093897,29244,1.093897,3,1.0,0.0,0.0,0.0,0.0,0.0,0.0,0.0,0.0,0.0,1.0,1.0,81.467522,110.536484,173.197754,179.602066,1.0,0.998585,145.069275,127.332638,69.065582,91.730232
Good,1.014986,28602,1.014986,6,0.9994,0.0006,0.0,0.0,0.0,0.0,0.0,0.0,0.0,0.0,0.9994,0.998799,93.978699,114.514847,172.696045,197.41301,1.0,0.999762,155.963928,133.337372,82.898163,78.717346
Good,1.112022,27992,1.112022,3,0.995253,0.004747,0.0,0.0,0.0,0.0,0.0,0.0,0.0,0.0,0.995253,0.990506,87.917007,112.449974,174.766129,204.419128,2.0,0.63243,158.434551,131.341568,91.969154,86.849121
Good,1.298624,31755,1.298624,2,1.0,0.0,0.0,0.0,0.0,0.0,0.0,0.0,0.0,0.0,1.0,1.0,90.668213,120.424789,173.212494,198.634323,8.0,0.800131,159.529556,131.940353,78.209534,82.544281
Good,1.003764,26098,1.003764,8,1.0,0.0,0.0,0.0,0.0,0.0,0.0,0.0,0.0,0.0,1.0,1.0,77.122894,96.830154,167.307755,180.472305,1.0,0.999856,138.65123,122.215324,83.642151,90.18486
Good,1.126171,22990,1.126171,4,0.999999,1e-06,0.0,0.0,0.0,0.0,0.0,0.0,0.0,0.0,0.999999,0.999998,80.841064,100.057877,171.64621,173.269852,1.0,0.999461,136.663864,126.243637,73.211975,90.805145
Good,1.006058,24397,1.006058,5,1.0,1e-06,0.0,0.0,0.0,0.0,0.0,0.0,0.0,0.0,1.0,0.999999,79.810471,105.092575,182.621506,197.273697,1.0,0.999821,151.183136,131.215988,92.181122,102.811035
Good,0.968122,22468,0.968122,7,0.999992,8e-06,0.0,0.0,0.0,0.0,0.0,0.0,0.0,0.0,0.999992,0.999985,85.740662,104.876282,181.507294,197.470551,1.0,0.999344,151.173416,133.623978,92.594269,95.766632
Good,1.097145,24144,1.097145,3,0.999999,1e-06,0.0,0.0,0.0,0.0,0.0,0.0,0.0,0.0,0.999999,0.999997,79.595245,105.227234,179.224548,196.819122,1.0,0.999812,151.023178,129.409897,91.591888,99.629303
Good,1.113536,22809,1.113536,6,1.0,0.0,0.0,0.0,0.0,0.0,0.0,0.0,0.0,0.0,1.0,1.0,77.287079,104.565147,181.940186,200.3974,1.0,0.999484,152.481274,129.613632,95.832253,104.653107
Good,1.12629,22931,1.12629,5,1.0,0.0,0.0,0.0,0.0,0.0,0.0,0.0,0.0,0.0,1.0,1.0,78.263481,105.738609,182.067596,197.802887,1.0,0.998919,151.770748,130.165539,92.064278,103.804115
Good,1.103878,25265,1.103878,3,1.0,0.0,0.0,0.0,0.0,0.0,0.0,0.0,0.0,0.0,1.0,1.0,88.283638,118.136772,173.96817,197.125793,1.0,0.999891,157.631283,131.125904,78.989021,85.684532
Good,1.00795,24748,1.00795,2,0.999881,0.000119,0.0,0.0,0.0,0.0,0.0,0.0,0.0,0.0,0.999881,0.999762,85.370186,115.210663,172.749329,190.396729,1.0,0.99978,152.803696,129.059757,75.186066,87.379143
Good,1.084106,25443,1.084106,3,0.999914,8.6e-05,0.0,0.0,0.0,0.0,0.0,0.0,0.0,0.0,0.999914,0.999829,85.88607,112.93454,174.513092,192.213715,1.0,0.999795,152.574127,130.199581,79.279175,88.627022
Good,1.024094,26208,1.024094,3,0.99999,1e-05,0.0,0.0,0.0,0.0,0.0,0.0,0.0,0.0,0.99999,0.999979,84.804108,113.884148,174.113678,196.595123,1.0,0.999861,155.239635,129.458893,82.710976,89.30957
Good,1.093298,26942,1.093298,2,1.0,0.0,0.0,0.0,0.0,0.0,0.0,0.0,0.0,0.0,1.0,0.999999,84.084488,116.994232,170.65741,193.509552,1.0,0.999957,155.251892,127.370949,76.51532,86.572922
Good,1.097763,26401,1.097763,3,0.999998,2e-06,0.0,0.0,0.0,0.0,0.0,0.0,0.0,0.0,0.999998,0.999996,84.111862,118.446739,171.606735,196.33606,1.0,0.999897,157.391399,127.859299,77.88932,87.494873
Good,1.140672,26341,1.140672,3,0.999997,3e-06,0.0,0.0,0.0,0.0,0.0,0.0,0.0,0.0,0.999997,0.999995,84.252914,118.576492,171.605469,195.903488,1.0,0.999904,157.23999,127.929192,77.326996,87.352554
Good,1.103847,25646,1.103847,6,1.0,0.0,0.0,0.0,0.0,0.0,0.0,0.0,0.0,0.0,1.0,1.0,86.141457,121.082077,172.67099,193.589279,1.0,0.999811,157.335678,129.406223,72.507202,86.529533
Good,1.042311,26824,1.042311,4,0.999996,4e-06,0.0,0.0,0.0,0.0,0.0,0.0,0.0,0.0,0.999996,0.999993,84.065399,119.396523,171.236755,194.523438,1.0,0.999924,156.95998,127.651077,75.126915,87.171356
Good,1.078352,26108,1.078352,4,0.999998,2e-06,0.0,0.0,0.0,0.0,0.0,0.0,0.0,0.0,0.999998,0.999995,84.814301,118.070816,172.468964,196.485062,1.0,0.999861,157.277939,128.641632,78.414246,87.654663
Good,1.108577,24111,1.108577,4,0.999997,3e-06,0.0,0.0,0.0,0.0,0.0,0.0,0.0,0.0,0.999997,0.999993,85.060493,119.124878,171.286774,195.2547,1.0,0.99997,157.189789,128.173634,76.129822,86.22628
Good,0.97128,29891,0.97128,3,1.0,0.0,0.0,0.0,0.0,0.0,0.0,0.0,0.0,0.0,1.0,0.999999,102.556335,116.173347,167.716309,196.276428,1.0,0.999113,156.224888,135.136322,80.103081,65.159973
Good,1.179607,25644,1.179607,3,1.0,0.0,0.0,0.0,0.0,0.0,0.0,0.0,0.0,0.0,1.0,1.0,100.458618,117.726517,171.264099,193.501144,1.0,0.954019,155.613831,135.861359,75.774628,70.805481
Good,0.955103,30246,0.955103,6,0.999999,1e-06,0.0,0.0,0.0,0.0,0.0,0.0,0.0,0.0,0.999999,0.999997,101.575562,118.559052,168.300354,192.787445,1.0,0.983323,155.673248,134.937958,74.228394,66.724792
Good,0.960601,28983,0.960601,2,1.0,0.0,0.0,0.0,0.0,0.0,0.0,0.0,0.0,0.0,1.0,1.0,85.385284,77.218452,174.527435,140.597961,1.0,0.998729,108.908207,129.95636,63.379509,89.142151
Good,0.942482,29454,0.942482,1,1.0,0.0,0.0,0.0,0.0,0.0,0.0,0.0,0.0,0.0,1.0,1.0,85.099594,75.79232,171.265762,145.187744,1.0,0.999914,110.490032,128.182678,69.395424,86.166168
Good,0.919902,29900,0.919902,1,1.0,0.0,0.0,0.0,0.0,0.0,0.0,0.0,0.0,0.0,1.0,1.0,84.176254,75.411575,172.269638,145.025314,1.0,0.998344,110.218445,128.222946,69.613739,88.093384
Good,0.945033,29687,0.945033,2,1.0,0.0,0.0,0.0,0.0,0.0,0.0,0.0,0.0,0.0,1.0,1.0,85.673447,76.674057,171.596146,145.170502,1.0,0.999735,110.922279,128.634796,68.496445,85.922699
Good,0.954451,28127,0.954451,1,1.0,0.0,0.0,0.0,0.0,0.0,0.0,0.0,0.0,0.0,1.0,1.0,85.34549,77.745605,171.638824,144.836807,1.0,0.999825,111.291206,128.492157,67.091202,86.293335
Good,0.86827,29789,0.86827,3,1.0,0.0,0.0,0.0,0.0,0.0,0.0,0.0,0.0,0.0,1.0,1.0,84.183594,76.995743,173.003418,141.439819,1.0,0.999604,109.217781,128.593506,64.444077,88.819824
Good,0.958458,28295,0.958458,1,1.0,0.0,0.0,0.0,0.0,0.0,0.0,0.0,0.0,0.0,1.0,1.0,84.329407,75.15683,172.597839,142.718292,1.0,0.999937,108.937561,128.463623,67.561462,88.268433
Good,1.038066,28081,1.038066,2,1.0,0.0,0.0,0.0,0.0,0.0,0.0,0.0,0.0,0.0,1.0,1.0,82.863205,77.470642,169.21669,141.627106,1.0,0.886952,109.548874,126.039948,64.156464,86.353485
Good,0.94779,28747,0.94779,4,1.0,0.0,0.0,0.0,0.0,0.0,0.0,0.0,0.0,0.0,1.0,1.0,83.35527,74.633972,170.322327,144.622421,1.0,0.999957,109.628197,126.838799,69.988449,86.967056
Good,0.937907,27698,0.937907,1,1.0,0.0,0.0,0.0,0.0,0.0,0.0,0.0,0.0,0.0,1.0,1.0,82.593903,79.296089,172.822586,145.288544,1.0,0.999717,112.292316,127.708244,65.992455,90.228683
Good,0.939665,32800,0.939665,1,1.0,0.0,0.0,0.0,0.0,0.0,0.0,0.0,0.0,0.0,1.0,1.0,75.858536,79.576279,159.792221,146.524857,1.0,0.999758,113.050568,117.825378,66.948578,83.933685
Good,1.013014,26959,1.013014,1,1.0,0.0,0.0,0.0,0.0,0.0,0.0,0.0,0.0,0.0,1.0,1.0,84.412201,76.805115,171.967316,147.531189,1.0,0.999316,112.168152,128.189758,70.726074,87.555115
Good,0.976149,27189,0.976149,1,1.0,0.0,0.0,0.0,0.0,0.0,0.0,0.0,0.0,0.0,1.0,1.0,84.724579,78.022308,172.311951,143.249954,1.0,0.998759,110.636131,128.518265,65.227646,87.587372
Good,0.911791,27227,0.911791,2,1.0,0.0,0.0,0.0,0.0,0.0,0.0,0.0,0.0,0.0,1.0,1.0,83.706924,76.753242,171.22229,140.62146,1.0,0.999589,108.687351,127.464607,63.868217,87.515366
Good,0.896956,28380,0.896956,1,1.0,0.0,0.0,0.0,0.0,0.0,0.0,0.0,0.0,0.0,1.0,1.0,84.559776,76.939087,172.245728,143.530441,1.0,0.999565,110.234764,128.402752,66.591354,87.685951
Good,1.062082,30023,1.062082,3,1.0,0.0,0.0,0.0,0.0,0.0,0.0,0.0,0.0,0.0,1.0,1.0,80.258423,88.798447,173.437286,157.951889,1.0,0.999443,123.375168,126.847855,69.153442,93.178864
Good,1.104415,26926,1.104415,2,1.0,0.0,0.0,0.0,0.0,0.0,0.0,0.0,0.0,0.0,1.0,1.0,80.098061,89.470688,166.246521,158.737259,1.0,0.999652,124.103973,123.172291,69.266571,86.14846
Good,1.013886,30818,1.013886,2,1.0,0.0,0.0,0.0,0.0,0.0,0.0,0.0,0.0,0.0,1.0,1.0,85.530823,79.803146,173.235168,148.088455,1.0,0.998742,113.945801,129.382996,68.285309,87.704346
Good,1.130818,31862,1.130818,2,1.0,0.0,0.0,0.0,0.0,0.0,0.0,0.0,0.0,0.0,1.0,1.0,82.365143,79.324539,171.115005,145.425049,1.0,0.998913,112.374794,126.740074,66.10051,88.749863
Good,1.124066,30071,1.124066,2,1.0,0.0,0.0,0.0,0.0,0.0,0.0,0.0,0.0,0.0,1.0,1.0,78.068245,78.308876,173.770935,140.77478,1.0,0.989871,109.541828,125.91959,62.465904,95.70269
Good,1.110834,34564,1.110834,2,1.0,0.0,0.0,0.0,0.0,0.0,0.0,0.0,0.0,0.0,1.0,1.0,84.701401,81.685928,169.303131,145.060547,1.0,0.999413,113.373238,127.002266,63.374619,84.60173
Good,1.120224,31840,1.120224,2,1.0,0.0,0.0,0.0,0.0,0.0,0.0,0.0,0.0,0.0,1.0,1.0,84.692062,79.494278,172.721664,141.236221,1.0,0.995426,110.36525,128.706863,61.741943,88.029602
Good,1.081224,32996,1.081224,3,1.0,0.0,0.0,0.0,0.0,0.0,0.0,0.0,0.0,0.0,1.0,1.0,85.286713,80.676826,171.797974,143.689117,1.0,0.999794,112.182972,128.542343,63.012291,86.511261
Good,1.007252,34042,1.007252,3,1.0,0.0,0.0,0.0,0.0,0.0,0.0,0.0,0.0,0.0,1.0,1.0,83.097443,81.010994,170.255219,143.467102,1.0,0.998322,112.239048,126.676331,62.456108,87.157776
Good,1.132824,33929,1.132824,3,1.0,0.0,0.0,0.0,0.0,0.0,0.0,0.0,0.0,0.0,1.0,1.0,81.827881,80.588593,172.927917,143.040741,1.0,0.998442,111.814667,127.377899,62.452148,91.100037
Good,1.139296,33735,1.139296,3,1.0,0.0,0.0,0.0,0.0,0.0,0.0,0.0,0.0,0.0,1.0,1.0,82.266586,80.969025,172.52507,143.554199,1.0,0.998328,112.261612,127.395828,62.585175,90.258484
Good,1.015137,34031,1.015137,3,1.0,0.0,0.0,0.0,0.0,0.0,0.0,0.0,0.0,0.0,1.0,1.0,85.068985,83.842377,174.63652,148.940201,1.0,0.999291,116.391289,129.852753,65.097824,89.567535
Good,1.019352,31858,1.019352,3,1.0,0.0,0.0,0.0,0.0,0.0,0.0,0.0,0.0,0.0,1.0,1.0,81.284607,80.174408,171.258453,147.485291,1.0,0.999838,113.829849,126.27153,67.310883,89.973846
Good,0.947959,29399,0.947959,1,1.0,0.0,0.0,0.0,0.0,0.0,0.0,0.0,0.0,0.0,1.0,1.0,81.903488,81.246262,175.449356,149.155548,1.0,0.997672,115.200905,128.676422,67.909286,93.545868
Good,1.05038,31376,1.05038,3,1.0,0.0,0.0,0.0,0.0,0.0,0.0,0.0,0.0,0.0,1.0,1.0,80.669029,81.992104,172.290619,151.073792,1.0,0.999938,116.532948,126.479824,69.081688,91.62159
Good,1.017481,32086,1.017481,4,1.0,0.0,0.0,0.0,0.0,0.0,0.0,0.0,0.0,0.0,1.0,1.0,83.147568,81.934555,174.348068,147.737625,1.0,0.995103,114.83609,128.747818,65.80307,91.2005
Good,1.057076,33594,1.057076,2,1.0,0.0,0.0,0.0,0.0,0.0,0.0,0.0,0.0,0.0,1.0,1.0,78.939224,75.104431,169.663834,149.355927,1.0,0.999576,112.230179,124.301529,74.251495,90.724609
Good,1.156487,30546,1.156487,2,1.0,0.0,0.0,0.0,0.0,0.0,0.0,0.0,0.0,0.0,1.0,1.0,84.006348,79.220589,163.699921,147.076263,1.0,0.999918,113.148426,123.853134,67.855675,79.693573
Good,1.123985,29482,1.123985,3,1.0,0.0,0.0,0.0,0.0,0.0,0.0,0.0,0.0,0.0,1.0,1.0,82.207062,75.380783,170.583298,149.399796,1.0,0.999816,112.390289,126.39518,74.019012,88.376236
Good,1.021022,30414,1.021022,4,1.0,0.0,0.0,0.0,0.0,0.0,0.0,0.0,0.0,0.0,1.0,1.0,79.750694,75.147835,171.127472,152.758484,1.0,0.999249,113.953159,125.439083,77.610649,91.376778
Good,1.128304,28796,1.128304,3,1.0,0.0,0.0,0.0,0.0,0.0,0.0,0.0,0.0,0.0,1.0,1.0,80.958984,75.567368,169.69104,149.547745,1.0,0.999567,112.557556,125.325012,73.980377,88.732056
Good,0.971624,29294,0.971624,2,1.0,0.0,0.0,0.0,0.0,0.0,0.0,0.0,0.0,0.0,1.0,1.0,83.769035,81.364136,165.325928,146.853088,1.0,0.999715,114.108612,124.547482,65.488953,81.556892
Good,0.945019,28906,0.945019,2,1.0,0.0,0.0,0.0,0.0,0.0,0.0,0.0,0.0,0.0,1.0,1.0,83.549454,81.388138,165.425552,147.248825,1.0,0.999735,114.318481,124.487503,65.860687,81.876099
Good,1.068315,31981,1.068315,2,1.0,0.0,0.0,0.0,0.0,0.0,0.0,0.0,0.0,0.0,1.0,1.0,81.168793,81.801636,161.484192,146.132538,1.0,0.999984,113.967087,121.326492,64.330902,80.315399
Good,1.087623,27864,1.087623,2,1.0,0.0,0.0,0.0,0.0,0.0,0.0,0.0,0.0,0.0,1.0,1.0,81.632935,79.336639,164.260071,147.406326,1.0,0.999898,113.371483,122.946503,68.069687,82.627136
Good,1.370029,60638,1.370029,1,0.999971,1.5e-05,1.3e-05,0.0,0.0,0.0,0.0,0.0,0.0,0.0,0.999971,0.999956,0.0,0.0,0.0,0.0,0.0,0.0,0.0,0.0,0.0,0.0
Good,1.004641,28623,1.004641,1,1.0,0.0,0.0,0.0,0.0,0.0,0.0,0.0,0.0,0.0,1.0,1.0,83.724258,80.462799,166.188141,146.661667,1.0,0.999974,113.562233,124.9562,66.198868,82.463882
Good,0.937051,26408,0.937051,4,1.0,0.0,0.0,0.0,0.0,0.0,0.0,0.0,0.0,0.0,1.0,1.0,82.221291,78.697006,164.130707,147.234787,1.0,0.999771,112.965897,123.175999,68.537781,81.909416
Good,1.059269,24282,1.059269,1,0.999939,6.1e-05,0.0,0.0,0.0,0.0,0.0,0.0,0.0,0.0,0.999939,0.999879,86.159668,117.823502,172.345123,197.953873,1.0,0.998838,157.888687,129.252396,80.130371,86.185455
Good,1.010946,28382,1.010946,3,1.0,0.0,0.0,0.0,0.0,0.0,0.0,0.0,0.0,0.0,1.0,1.0,81.964836,118.11158,173.821655,196.67688,1.0,0.999788,157.39423,127.893246,78.5653,91.856819
Good,1.028158,27529,1.028158,3,0.999999,1e-06,0.0,0.0,0.0,0.0,0.0,0.0,0.0,0.0,0.999999,0.999998,81.263069,120.512619,176.758728,202.73613,1.0,0.999831,161.624374,129.010899,82.223511,95.495659
Good,1.180239,30149,1.180239,1,0.999894,0.000106,0.0,0.0,0.0,0.0,0.0,0.0,0.0,0.0,0.999894,0.999788,79.102005,117.677406,175.228439,203.206604,1.0,0.999873,160.442005,127.165222,85.529198,96.126434
Good,1.141157,28832,1.141157,2,0.999997,3e-06,0.0,0.0,0.0,0.0,0.0,0.0,0.0,0.0,0.999997,0.999993,76.816307,114.453644,176.883026,205.290833,1.0,0.998891,159.872238,126.849667,90.837189,100.066719
Good,1.090797,28687,1.090797,4,0.998957,0.001035,7e-06,1e-06,0.0,0.0,0.0,0.0,0.0,0.0,0.998957,0.997922,79.537659,119.544952,173.738113,204.245972,1.0,0.989377,161.895462,126.637886,84.701019,94.200455
Good,1.127655,29100,1.127655,1,0.996414,0.003586,0.0,0.0,0.0,0.0,0.0,0.0,0.0,0.0,0.996414,0.992828,78.658516,118.397964,175.356598,202.060776,1.0,0.999943,160.22937,127.007557,83.662811,96.698082
Good,1.002066,23287,1.002066,2,1.0,0.0,0.0,0.0,0.0,0.0,0.0,0.0,0.0,0.0,1.0,0.999999,88.338791,115.116501,174.915176,186.408157,1.0,0.999633,150.762329,131.626984,71.291656,86.576385
Good,1.258749,27123,1.258749,5,1.0,0.0,0.0,0.0,0.0,0.0,0.0,0.0,0.0,0.0,1.0,1.0,76.5047,114.617332,166.323853,184.535706,1.0,0.999829,149.576519,121.414276,69.918373,89.819153
Good,1.134153,23369,1.134153,1,0.999995,5e-06,0.0,0.0,0.0,0.0,0.0,0.0,0.0,0.0,0.999995,0.99999,88.819977,117.365494,174.555084,187.145096,1.0,0.999798,152.255295,131.687531,69.779602,85.735107
Good,0.97898,28598,0.97898,3,0.999986,1.4e-05,0.0,0.0,0.0,0.0,0.0,0.0,0.0,0.0,0.999986,0.999972,92.309128,118.451881,179.492325,195.764893,1.0,0.999321,157.108387,135.900726,77.313011,87.183197
Good,1.057083,25089,1.057083,4,0.999999,1e-06,0.0,0.0,0.0,0.0,0.0,0.0,0.0,0.0,0.999999,0.999998,89.832687,116.907944,177.172562,186.516525,1.0,0.999086,151.712234,133.502625,69.608582,87.339874
Good,1.108261,26915,1.108261,5,1.0,0.0,0.0,0.0,0.0,0.0,0.0,0.0,0.0,0.0,1.0,1.0,87.258522,116.033363,174.620117,184.784607,1.0,0.999814,150.408985,130.93932,68.751244,87.361595
Good,1.127757,25558,1.127757,2,0.999998,2e-06,0.0,0.0,0.0,0.0,0.0,0.0,0.0,0.0,0.999998,0.999997,89.500061,116.369827,176.243042,187.002182,1.0,0.999794,151.686005,132.871552,70.632355,86.742981
Good,1.116489,26667,1.116489,4,1.0,0.0,0.0,0.0,0.0,0.0,0.0,0.0,0.0,0.0,1.0,1.0,88.924728,116.268845,175.810837,189.835281,1.0,0.997468,153.052063,132.367783,73.566437,86.886108
Good,1.079095,25983,1.079095,4,1.0,0.0,0.0,0.0,0.0,0.0,0.0,0.0,0.0,0.0,1.0,1.0,87.434937,118.454712,177.764008,186.496674,1.0,0.999609,152.475693,132.599472,68.041962,90.329071
Good,1.099997,26933,1.099997,3,1.0,0.0,0.0,0.0,0.0,0.0,0.0,0.0,0.0,0.0,1.0,1.0,85.609924,119.597809,177.661377,195.689117,1.0,0.999571,157.643463,131.635651,76.091309,92.051453
Good,1.094743,26456,1.094743,2,0.999996,4e-06,0.0,0.0,0.0,0.0,0.0,0.0,0.0,0.0,0.999996,0.999992,88.00354,118.700363,177.303741,186.499802,1.0,0.999879,152.600082,132.653641,67.799438,89.300201
Good,1.013965,28021,1.013965,5,1.0,0.0,0.0,0.0,0.0,0.0,0.0,0.0,0.0,0.0,1.0,1.0,82.832031,111.821907,181.964783,200.040619,1.0,0.999913,155.931263,132.398407,88.218712,99.132751
Good,1.033946,27450,1.033946,2,0.999999,1e-06,1e-06,0.0,0.0,0.0,0.0,0.0,0.0,0.0,0.999999,0.999998,88.959961,116.715561,182.888794,190.099716,1.0,0.999862,153.407639,135.924377,73.384155,93.928833
Good,1.086298,26847,1.086298,5,0.999873,0.00012,7e-06,0.0,0.0,0.0,0.0,0.0,0.0,0.0,0.999873,0.999753,88.82357,104.418556,188.727325,199.789093,1.0,0.999992,152.103825,138.775448,95.370537,99.903755
Good,0.996729,26593,0.996729,5,0.999997,3e-06,0.0,0.0,0.0,0.0,0.0,0.0,0.0,0.0,0.999997,0.999994,91.32869,118.404053,174.972641,189.321045,1.0,0.999947,153.862549,133.150665,70.916992,83.643951
Good,0.998852,28057,0.998852,3,1.0,0.0,0.0,0.0,0.0,0.0,0.0,0.0,0.0,0.0,1.0,1.0,92.896965,119.127083,177.299591,194.578369,1.0,0.99969,156.852726,135.098278,75.451286,84.402626
Good,1.013993,24961,1.013993,4,1.0,0.0,0.0,0.0,0.0,0.0,0.0,0.0,0.0,0.0,1.0,1.0,88.755936,110.407516,181.222946,203.823929,1.0,0.999795,157.115723,134.989441,93.416412,92.46701
Good,0.981894,28149,0.981894,4,0.999992,8e-06,0.0,0.0,0.0,0.0,0.0,0.0,0.0,0.0,0.999992,0.999984,92.568687,119.876778,175.367523,194.234863,1.0,0.999887,157.05582,133.968105,74.358086,82.798836
Good,1.165731,26149,1.165731,3,1.0,0.0,0.0,0.0,0.0,0.0,0.0,0.0,0.0,0.0,1.0,1.0,75.253296,115.081696,165.060989,187.600281,1.0,0.999913,151.340988,120.157143,72.518585,89.807693
Good,1.006219,27655,1.006219,4,0.999998,2e-06,0.0,0.0,0.0,0.0,0.0,0.0,0.0,0.0,0.999998,0.999997,83.053925,114.024414,179.3927,210.128204,1.0,0.999927,162.076309,131.223312,96.10379,96.338776
Good,1.067785,29075,1.067785,2,1.0,0.0,0.0,0.0,0.0,0.0,0.0,0.0,0.0,0.0,1.0,1.0,85.09166,117.122917,180.732773,212.75824,1.0,0.999678,164.940578,132.912216,95.635323,95.641113
Good,1.034957,28935,1.034957,3,1.0,0.0,0.0,0.0,0.0,0.0,0.0,0.0,0.0,0.0,1.0,1.0,85.22168,116.824371,180.576263,212.347229,1.0,0.99963,164.5858,132.898972,95.522858,95.354584
Good,1.052689,29664,1.052689,3,0.999999,1e-06,0.0,0.0,0.0,0.0,0.0,0.0,0.0,0.0,0.999999,0.999998,82.604401,116.16938,181.48056,209.233856,1.0,0.99933,162.701618,132.04248,93.064476,98.87616
Good,1.054771,29377,1.054771,2,0.999999,1e-06,0.0,0.0,0.0,0.0,0.0,0.0,0.0,0.0,0.999999,0.999998,82.31514,115.972961,181.274033,208.826782,1.0,0.999505,162.399872,131.794586,92.853821,98.958893
Good,1.136844,29741,1.136844,1,0.999957,4.3e-05,0.0,0.0,0.0,0.0,0.0,0.0,0.0,0.0,0.999957,0.999915,80.133347,110.734489,174.507553,197.243378,1.0,0.99986,153.988934,127.32045,86.508888,94.374207
Good,1.016279,26401,1.016279,4,1.0,0.0,0.0,0.0,0.0,0.0,0.0,0.0,0.0,0.0,1.0,1.0,85.81115,117.548523,174.181519,197.311493,1.0,0.999873,157.430008,129.996334,79.76297,88.370369
Good,0.962148,25980,0.962148,5,0.999999,1e-06,0.0,0.0,0.0,0.0,0.0,0.0,0.0,0.0,0.999999,0.999999,88.984543,119.421509,174.430374,194.484772,1.0,0.999935,156.95314,131.707458,75.063263,85.445831
Good,0.943298,24423,0.943298,4,0.999999,1e-06,0.0,0.0,0.0,0.0,0.0,0.0,0.0,0.0,0.999999,0.999998,89.824593,120.447479,175.061493,192.182617,1.0,0.999724,156.315048,132.443043,71.735138,85.2369
Good,1.111651,25034,1.111651,4,1.0,0.0,0.0,0.0,0.0,0.0,0.0,0.0,0.0,0.0,1.0,1.0,87.844711,117.722595,173.991013,183.24942,1.0,0.99926,150.486008,130.917862,65.526825,86.146301
Good,0.975776,22064,0.975776,2,1.0,0.0,0.0,0.0,0.0,0.0,0.0,0.0,0.0,0.0,1.0,1.0,75.064789,86.260155,169.818924,161.308197,1.0,0.995939,123.784176,122.441856,75.048042,94.754135
Good,0.957699,23078,0.957699,3,1.0,0.0,0.0,0.0,0.0,0.0,0.0,0.0,0.0,0.0,1.0,1.0,74.166992,80.475876,171.258041,163.190063,1.0,0.995962,121.83297,122.712517,82.714188,97.091049
Good,1.011758,19598,1.011758,2,1.0,0.0,0.0,0.0,0.0,0.0,0.0,0.0,0.0,0.0,1.0,1.0,75.277283,81.930229,169.433105,157.96167,1.0,0.998115,119.94595,122.355194,76.031441,94.155823
Good,0.950054,23586,0.950054,1,1.0,0.0,0.0,0.0,0.0,0.0,0.0,0.0,0.0,0.0,1.0,1.0,76.716217,98.420708,170.296463,169.153717,1.0,0.999153,133.787212,123.50634,70.733009,93.580246
Good,1.052606,27322,1.052606,2,1.0,0.0,0.0,0.0,0.0,0.0,0.0,0.0,0.0,0.0,1.0,1.0,78.547737,99.157265,167.032379,168.346069,1.0,0.999905,133.751667,122.790058,69.188805,88.484642
Good,1.017155,22559,1.017155,4,1.0,0.0,0.0,0.0,0.0,0.0,0.0,0.0,0.0,0.0,1.0,1.0,70.690933,90.382393,169.099854,171.037506,1.0,0.999865,130.709949,119.895393,80.655113,98.40892
Good,0.993747,22928,0.993747,4,1.0,0.0,0.0,0.0,0.0,0.0,0.0,0.0,0.0,0.0,1.0,1.0,77.802765,99.181549,164.688965,167.747589,1.0,0.99948,133.464569,121.245865,68.56604,86.8862
Good,1.045937,21012,1.045937,6,1.0,0.0,0.0,0.0,0.0,0.0,0.0,0.0,0.0,0.0,1.0,1.0,68.769974,84.98275,170.689331,178.344421,1.0,0.999796,131.663586,119.729652,93.361671,101.919357
Good,1.125131,21980,1.125131,6,1.0,0.0,0.0,0.0,0.0,0.0,0.0,0.0,0.0,0.0,1.0,1.0,71.887177,85.551239,175.183228,175.055359,1.0,0.999962,130.303299,123.535202,89.50412,103.296051
Good,1.013742,23656,1.013742,2,1.0,0.0,0.0,0.0,0.0,0.0,0.0,0.0,0.0,0.0,1.0,1.0,69.316055,82.22567,173.398499,176.340881,1.0,0.999233,129.283276,121.357277,94.115211,104.082443
Good,1.03703,22203,1.03703,5,1.0,0.0,0.0,0.0,0.0,0.0,0.0,0.0,0.0,0.0,1.0,1.0,69.025032,87.518265,175.702423,181.514175,1.0,0.998947,134.51622,122.363728,93.995911,106.677391
Good,1.014578,25135,1.014578,3,1.0,0.0,0.0,0.0,0.0,0.0,0.0,0.0,0.0,0.0,1.0,1.0,65.959496,55.822998,194.087158,222.433136,3.0,0.998408,139.128067,130.023327,166.610138,128.127663
Good,1.056193,26124,1.056193,2,1.0,0.0,0.0,0.0,0.0,0.0,0.0,0.0,0.0,0.0,1.0,1.0,77.907349,87.35318,167.480789,176.723663,1.0,0.999035,132.038422,122.694069,89.370483,89.573441
Good,1.048734,25994,1.048734,2,1.0,0.0,0.0,0.0,0.0,0.0,0.0,0.0,0.0,0.0,1.0,1.0,77.009552,85.347992,167.669296,179.112122,1.0,0.999899,132.230057,122.339424,93.76413,90.659744
Good,1.01818,28125,1.01818,2,1.0,0.0,0.0,0.0,0.0,0.0,0.0,0.0,0.0,0.0,1.0,1.0,71.660614,82.491547,169.939529,180.911255,1.0,0.999887,131.701401,120.800072,98.419708,98.278915
Good,1.04146,26148,1.04146,2,1.0,0.0,0.0,0.0,0.0,0.0,0.0,0.0,0.0,0.0,1.0,1.0,75.8992,89.000824,161.276138,177.826569,1.0,0.999813,133.413696,118.587669,88.825745,85.376938
Good,0.970138,22202,0.970138,2,1.0,0.0,0.0,0.0,0.0,0.0,0.0,0.0,0.0,0.0,1.0,1.0,74.447586,94.473763,160.692612,171.686279,1.0,0.999406,133.080021,117.570099,77.212517,86.245026
Good,1.070143,24449,1.070143,3,1.0,0.0,0.0,0.0,0.0,0.0,0.0,0.0,0.0,0.0,1.0,1.0,76.69072,84.454788,165.523315,177.608322,1.0,0.99969,131.031555,121.107018,93.153534,88.832596
Good,1.076061,25762,1.076061,3,1.0,0.0,0.0,0.0,0.0,0.0,0.0,0.0,0.0,0.0,1.0,1.0,74.864197,90.546776,159.396805,175.765228,1.0,0.999794,133.156002,117.130501,85.218452,84.532608
Good,1.041146,25708,1.041146,4,1.0,0.0,0.0,0.0,0.0,0.0,0.0,0.0,0.0,0.0,1.0,1.0,75.177109,88.755859,159.670517,176.288269,1.0,0.999841,132.522064,117.423813,87.53241,84.493408
Good,1.029845,27428,1.029845,3,1.0,0.0,0.0,0.0,0.0,0.0,0.0,0.0,0.0,0.0,1.0,1.0,74.186569,83.251343,166.114868,179.042297,1.0,0.999903,131.14682,120.150719,95.790955,91.928299
Good,1.044767,28339,1.044767,6,1.0,0.0,0.0,0.0,0.0,0.0,0.0,0.0,0.0,0.0,1.0,1.0,78.327477,87.716766,170.95343,177.23526,1.0,0.999841,132.476013,124.640453,89.518494,92.625954
Good,1.03945,26246,1.03945,3,1.0,0.0,0.0,0.0,0.0,0.0,0.0,0.0,0.0,0.0,1.0,1.0,77.546227,91.37989,165.739044,171.039642,1.0,0.999907,131.209766,121.642635,79.659752,88.192818
Good,1.05494,25676,1.05494,3,1.0,0.0,0.0,0.0,0.0,0.0,0.0,0.0,0.0,0.0,1.0,1.0,77.508194,91.462105,164.753189,169.478912,1.0,0.999907,130.470509,121.130692,78.016808,87.244995
Good,1.041017,26003,1.041017,2,1.0,0.0,0.0,0.0,0.0,0.0,0.0,0.0,0.0,0.0,1.0,1.0,79.355286,94.106712,168.855301,174.265198,1.0,0.999803,134.185955,124.105293,80.158485,89.500015
Good,1.053855,25747,1.053855,4,1.0,0.0,0.0,0.0,0.0,0.0,0.0,0.0,0.0,0.0,1.0,1.0,79.506142,93.72319,168.403168,172.19368,1.0,0.999905,132.958435,123.954655,78.47049,88.897026
Good,0.953002,24329,0.953002,3,1.0,0.0,0.0,0.0,0.0,0.0,0.0,0.0,0.0,0.0,1.0,1.0,75.66452,92.863182,163.117249,169.456665,1.0,0.999981,131.159924,119.390884,76.593483,87.452728
Good,0.986697,24998,0.986697,2,1.0,0.0,0.0,0.0,0.0,0.0,0.0,0.0,0.0,0.0,1.0,1.0,75.535797,93.185379,163.265182,170.474197,1.0,0.999977,131.829788,119.40049,77.288818,87.729385
Good,1.081721,25413,1.081721,5,1.0,0.0,0.0,0.0,0.0,0.0,0.0,0.0,0.0,0.0,1.0,1.0,76.522263,87.621124,163.131226,176.631866,1.0,0.999623,132.126495,119.826744,89.010742,86.608963
Good,1.018474,28117,1.018474,3,1.0,0.0,0.0,0.0,0.0,0.0,0.0,0.0,0.0,0.0,1.0,1.0,80.162125,99.951157,163.238556,166.327377,1.0,0.999498,133.139267,121.70034,66.376221,83.076431
Good,0.948866,24926,0.948866,2,1.0,0.0,0.0,0.0,0.0,0.0,0.0,0.0,0.0,0.0,1.0,1.0,75.932068,83.020782,170.681183,176.47702,1.0,0.998765,129.748901,123.306625,93.456238,94.749115
Good,0.887914,20294,0.887914,2,1.0,0.0,0.0,0.0,0.0,0.0,0.0,0.0,0.0,0.0,1.0,1.0,80.048294,92.268143,175.113739,175.335526,1.0,0.997946,133.801834,127.581017,83.067383,95.065445
Good,0.969394,23304,0.969394,2,0.999999,1e-06,0.0,0.0,0.0,0.0,0.0,0.0,0.0,0.0,0.999999,0.999999,76.091042,93.457794,170.976379,172.245239,1.0,0.876915,132.851517,123.53371,78.787445,94.885338
Bad,1.18232,29764,1.18232,4,0.999998,2e-06,0.0,0.0,0.0,0.0,0.0,0.0,0.0,0.0,0.999998,0.999996,74.843018,114.102211,179.424606,207.279663,7.0,0.998724,160.690937,127.133812,93.177452,104.581589
Bad,1.304398,28279,1.304398,2,1.0,0.0,0.0,0.0,0.0,0.0,0.0,0.0,0.0,0.0,1.0,1.0,71.842766,107.996765,181.912659,205.367157,7.0,0.999218,156.681961,126.877712,97.370392,110.069893
Bad,1.203968,29182,1.203968,1,0.999998,2e-06,0.0,0.0,0.0,0.0,0.0,0.0,0.0,0.0,0.999998,0.999996,70.670486,104.02063,184.774658,212.88913,7.0,0.9997,158.45488,127.722572,108.8685,114.104172
Bad,1.284286,29004,1.284286,3,0.999998,2e-06,0.0,0.0,0.0,0.0,0.0,0.0,0.0,0.0,0.999998,0.999996,75.329941,109.799789,180.557968,207.610733,7.0,0.997221,158.705261,127.943954,97.810944,105.228027
Bad,1.243295,29714,1.243295,1,0.999986,1.4e-05,0.0,0.0,0.0,0.0,0.0,0.0,0.0,0.0,0.999986,0.999972,68.95784,107.867172,184.136856,222.040848,7.0,0.999831,164.95401,126.547348,114.173676,115.179016
Bad,1.048146,29781,1.048146,2,0.999983,1.7e-05,0.0,0.0,0.0,0.0,0.0,0.0,0.0,0.0,0.999983,0.999966,74.238998,112.696373,179.049026,207.645386,7.0,0.998912,160.170879,126.644012,94.949013,104.810028
Bad,1.268158,30047,1.268158,1,0.999985,1.5e-05,0.0,0.0,0.0,0.0,0.0,0.0,0.0,0.0,0.999985,0.999969,67.841324,103.651642,175.372696,212.901398,7.0,0.996487,158.27652,121.60701,109.249756,107.531372
Bad,1.304914,30903,1.304914,1,0.999883,0.000117,0.0,0.0,0.0,0.0,0.0,0.0,0.0,0.0,0.999883,0.999765,95.515213,118.699951,169.036911,203.430237,8.0,0.966973,161.065094,132.276062,84.730286,73.521698
Bad,1.255498,30960,1.255498,1,0.999883,0.000117,0.0,0.0,0.0,0.0,0.0,0.0,0.0,0.0,0.999883,0.999765,95.033218,119.706154,168.872635,204.794739,8.0,0.96715,162.250446,131.952927,85.088585,73.839417
Bad,1.131313,23926,1.131313,6,0.999999,1e-06,0.0,0.0,0.0,0.0,0.0,0.0,0.0,0.0,0.999999,0.999998,69.714569,84.310318,191.481689,211.037979,3.0,0.995775,147.674149,130.598129,126.727661,121.76712
Bad,1.1032,27021,1.1032,3,1.0,0.0,0.0,0.0,0.0,0.0,0.0,0.0,0.0,0.0,1.0,1.0,58.932098,89.040619,179.749985,217.886505,3.0,0.999504,153.463562,119.341042,128.845886,120.817886
Bad,1.080285,24710,1.080285,5,1.0,0.0,0.0,0.0,0.0,0.0,0.0,0.0,0.0,0.0,1.0,1.0,68.306969,92.718971,190.45874,216.101227,3.0,0.990862,154.410099,129.382854,123.382256,122.151772
Bad,1.070187,25799,1.070187,5,1.0,0.0,0.0,0.0,0.0,0.0,0.0,0.0,0.0,0.0,1.0,1.0,70.841614,78.851135,190.883759,210.169617,4.0,0.971755,144.510376,130.862686,131.318481,120.042145
Bad,1.129602,24270,1.129602,7,1.0,0.0,0.0,0.0,0.0,0.0,0.0,0.0,0.0,0.0,1.0,1.0,68.817459,86.735779,190.514633,216.057648,3.0,0.992331,151.396713,129.666046,129.321869,121.697174
Bad,1.137756,24510,1.137756,5,1.0,0.0,0.0,0.0,0.0,0.0,0.0,0.0,0.0,0.0,1.0,0.999999,68.151047,70.415352,185.083038,204.237183,4.0,0.985269,137.326267,126.617043,133.821831,116.931992
Bad,1.07965,29070,1.07965,4,0.999996,4e-06,0.0,0.0,0.0,0.0,0.0,0.0,0.0,0.0,0.999996,0.999992,67.139664,66.880142,182.980972,203.717392,4.0,0.974891,135.298767,125.060318,136.83725,115.841309
Bad,1.13774,24251,1.13774,8,1.0,0.0,0.0,0.0,0.0,0.0,0.0,0.0,0.0,0.0,1.0,1.0,70.219223,67.921677,186.645432,204.477341,4.0,0.945264,136.199509,128.432327,136.555664,116.426208
Bad,1.100394,26872,1.100394,3,1.0,0.0,0.0,0.0,0.0,0.0,0.0,0.0,0.0,0.0,1.0,1.0,68.639832,66.682129,186.239716,203.342072,4.0,0.97905,135.0121,127.439774,136.659943,117.599884
Bad,0.996241,26842,0.996241,5,0.999998,2e-06,0.0,0.0,0.0,0.0,0.0,0.0,0.0,0.0,0.999998,0.999996,63.284435,67.63488,185.938477,201.755249,4.0,0.974382,134.695065,124.611456,134.120369,122.654041
Bad,1.091193,28719,1.091193,6,0.999999,1e-06,0.0,0.0,0.0,0.0,0.0,0.0,0.0,0.0,0.999999,0.999998,69.393082,93.346306,186.915207,228.694183,5.0,0.999932,161.020245,128.154144,135.347878,117.522125
Bad,1.075077,28652,1.075077,7,0.999999,1e-06,0.0,0.0,0.0,0.0,0.0,0.0,0.0,0.0,0.999999,0.999999,72.49675,88.246857,183.936935,213.371613,5.0,0.999987,150.809235,128.216843,125.124756,111.440186
Bad,1.096071,28462,1.096071,5,0.999998,2e-06,0.0,0.0,0.0,0.0,0.0,0.0,0.0,0.0,0.999998,0.999996,69.660126,83.676933,184.608414,221.693726,5.0,0.999738,152.685329,127.13427,138.016792,114.948288
Bad,0.984351,32223,0.984351,4,0.999979,2e-05,0.0,0.0,0.0,0.0,0.0,0.0,0.0,0.0,0.999979,0.999959,74.733887,85.051918,185.476593,237.20752,5.0,0.999761,161.129719,130.10524,152.155602,110.742706
Bad,1.041524,27870,1.041524,8,1.0,0.0,0.0,0.0,0.0,0.0,0.0,0.0,0.0,0.0,1.0,1.0,73.569138,103.185043,180.741806,218.15303,5.0,0.999925,160.669037,127.155472,114.967987,107.172668
Bad,1.089218,29418,1.089218,3,1.0,0.0,0.0,0.0,0.0,0.0,0.0,0.0,0.0,0.0,1.0,1.0,67.559853,81.806343,186.690826,226.996033,5.0,0.999711,154.401188,127.12534,145.18969,119.130974
Bad,1.064668,29429,1.064668,5,1.0,0.0,0.0,0.0,0.0,0.0,0.0,0.0,0.0,0.0,1.0,0.999999,72.408554,87.17762,187.119339,218.08078,5.0,0.99996,152.6292,129.763947,130.90316,114.710785
Bad,1.111938,29294,1.111938,3,1.0,0.0,0.0,0.0,0.0,0.0,0.0,0.0,0.0,0.0,1.0,0.999999,73.090546,79.317337,185.043182,216.329025,5.0,0.999857,147.823181,129.066864,137.011688,111.952637
Bad,1.123143,30054,1.123143,8,1.0,0.0,0.0,0.0,0.0,0.0,0.0,0.0,0.0,0.0,1.0,0.999999,73.178467,78.568466,184.089874,216.986954,5.0,0.999628,147.77771,128.634171,138.418488,110.911407
Bad,1.091483,31442,1.091483,7,0.999996,4e-06,0.0,0.0,0.0,0.0,0.0,0.0,0.0,0.0,0.999996,0.999992,73.193153,100.912117,187.923798,229.337433,5.0,0.999962,165.124775,130.558475,128.425316,114.730644
Bad,1.102661,29035,1.102661,7,0.999998,2e-06,0.0,0.0,0.0,0.0,0.0,0.0,0.0,0.0,0.999998,0.999996,67.783264,81.813431,186.652603,221.101486,5.0,0.999913,151.457458,127.217934,139.288055,118.869339
Bad,1.103467,31293,1.103467,9,1.0,0.0,0.0,0.0,0.0,0.0,0.0,0.0,0.0,0.0,1.0,1.0,74.239265,81.6661,185.361755,220.640656,5.0,0.999795,151.153378,129.80051,138.974556,111.12249
Bad,1.102356,31674,1.102356,7,0.999999,1e-06,0.0,0.0,0.0,0.0,0.0,0.0,0.0,0.0,0.999999,0.999997,71.068436,82.00766,185.262466,215.467621,5.0,0.99995,148.73764,128.165451,133.459961,114.194031
Bad,1.064391,34621,1.064391,4,0.99999,1.1e-05,0.0,0.0,0.0,0.0,0.0,0.0,0.0,0.0,0.99999,0.999979,77.855759,81.235443,184.532272,227.621887,5.0,0.999853,154.428665,131.194016,146.386444,106.676514
Bad,1.09079,33329,1.09079,4,0.999999,1e-06,0.0,0.0,0.0,0.0,0.0,0.0,0.0,0.0,0.999999,0.999997,74.243011,72.13929,184.584503,214.503693,5.0,0.999897,143.321491,129.413757,142.364403,110.341492
Bad,1.084295,30224,1.084295,6,1.0,0.0,0.0,0.0,0.0,0.0,0.0,0.0,0.0,0.0,1.0,0.999999,73.040802,86.141678,185.320465,209.322342,5.0,0.999947,147.73201,129.180634,123.180664,112.279663
Bad,1.105345,33231,1.105345,3,1.0,0.0,0.0,0.0,0.0,0.0,0.0,0.0,0.0,0.0,1.0,1.0,75.372772,82.453445,181.662109,202.152206,5.0,0.999943,142.302826,128.517441,119.698761,106.289337
Bad,1.077692,31285,1.077692,6,1.0,0.0,0.0,0.0,0.0,0.0,0.0,0.0,0.0,0.0,1.0,1.0,72.58493,74.733765,183.725647,207.952667,5.0,0.999951,141.343216,128.155289,133.218903,111.140717
Bad,1.057299,30666,1.057299,6,1.0,0.0,0.0,0.0,0.0,0.0,0.0,0.0,0.0,0.0,1.0,1.0,75.343506,81.59845,186.259399,206.182953,5.0,0.999972,143.890701,130.801453,124.584503,110.915894
Bad,1.091282,30010,1.091282,7,1.0,0.0,0.0,0.0,0.0,0.0,0.0,0.0,0.0,0.0,1.0,1.0,70.397522,78.778931,182.119995,214.889557,5.0,0.999877,146.834244,126.258759,136.110626,111.722473
Bad,0.979676,24776,0.979676,5,0.999999,1e-06,0.0,0.0,0.0,0.0,0.0,0.0,0.0,0.0,0.999999,0.999998,79.262062,110.491997,184.050049,201.76767,0.0,0.999816,156.129833,131.656055,91.275673,104.787987
Bad,1.012682,28039,1.012682,2,0.999986,1.4e-05,0.0,0.0,0.0,0.0,0.0,0.0,0.0,0.0,0.999986,0.999973,75.497055,104.936401,185.993088,204.86319,0.0,0.999983,154.899796,130.745071,99.926788,110.496033
Bad,1.100158,24927,1.100158,2,0.999998,2e-06,0.0,0.0,0.0,0.0,0.0,0.0,0.0,0.0,0.999998,0.999995,77.272125,107.819878,181.908966,199.942719,0.0,0.999962,153.881298,129.590546,92.122841,104.636841
Bad,0.966945,26951,0.966945,5,0.999957,4.3e-05,0.0,0.0,0.0,0.0,0.0,0.0,0.0,0.0,0.999957,0.999914,80.361771,110.117188,180.741287,199.590149,0.0,0.999575,154.853668,130.551529,89.472961,100.379517
Bad,1.046095,29122,1.046095,3,1.0,0.0,0.0,0.0,0.0,0.0,0.0,0.0,0.0,0.0,1.0,1.0,80.497635,107.617752,179.04686,197.04921,0.0,0.997147,152.333481,129.772247,89.431458,98.549225
Bad,1.062949,28073,1.062949,3,0.999998,2e-06,0.0,0.0,0.0,0.0,0.0,0.0,0.0,0.0,0.999998,0.999996,80.880173,111.390442,180.924393,201.025177,0.0,0.999915,156.207809,130.902283,89.634735,100.04422
Bad,1.009932,27392,1.009932,4,0.999999,1e-06,0.0,0.0,0.0,0.0,0.0,0.0,0.0,0.0,0.999999,0.999999,71.573761,100.232956,188.366821,210.412094,7.0,0.995379,155.322525,129.970291,110.179138,116.79306
Bad,0.990202,29758,0.990202,4,1.0,0.0,0.0,0.0,0.0,0.0,0.0,0.0,0.0,0.0,1.0,0.999999,80.568314,119.617912,181.140182,205.777618,0.0,0.980206,162.697765,130.854248,86.159706,100.571869
Bad,1.013892,24781,1.013892,3,1.0,0.0,0.0,0.0,0.0,0.0,0.0,0.0,0.0,0.0,1.0,0.999999,81.239563,108.50811,182.640137,199.702667,0.0,0.99994,154.105389,131.93985,91.194557,101.400574
Bad,1.114095,27281,1.114095,5,1.0,0.0,0.0,0.0,0.0,0.0,0.0,0.0,0.0,0.0,1.0,0.999999,79.475067,112.378716,180.360291,202.602417,0.0,0.999945,157.490566,129.917679,90.223701,100.885223
Bad,1.088413,24298,1.088413,3,1.0,0.0,0.0,0.0,0.0,0.0,0.0,0.0,0.0,0.0,1.0,0.999999,78.375854,110.0905,184.940216,201.601944,0.0,0.999973,155.846222,131.658035,91.511444,106.564362
Bad,0.969073,25854,0.969073,3,1.0,0.0,0.0,0.0,0.0,0.0,0.0,0.0,0.0,0.0,1.0,1.0,75.152771,109.585358,182.809265,204.16153,0.0,0.999944,156.873444,128.981018,94.576172,107.656494
Bad,1.033414,23597,1.033414,7,0.999999,1e-06,0.0,0.0,0.0,0.0,0.0,0.0,0.0,0.0,0.999999,0.999999,77.803757,109.608673,180.86467,199.200165,0.0,0.999788,154.404419,129.334213,89.591492,103.060913
Bad,1.001948,24384,1.001948,2,0.999999,1e-06,0.0,0.0,0.0,0.0,0.0,0.0,0.0,0.0,0.999999,0.999999,79.651024,110.486717,180.30069,201.057861,0.0,0.999837,155.772289,129.975857,90.571144,100.649666
Bad,1.059147,28029,1.059147,6,1.0,0.0,0.0,0.0,0.0,0.0,0.0,0.0,0.0,0.0,1.0,1.0,65.649582,85.17144,189.26799,217.015167,3.0,0.985899,151.093304,127.458786,131.843727,123.618408
Bad,1.022209,23587,1.022209,4,0.999996,4e-06,0.0,0.0,0.0,0.0,0.0,0.0,0.0,0.0,0.999996,0.999993,80.995529,110.929382,185.018875,204.17218,0.0,0.999844,157.550781,133.007202,93.242798,104.023346
Bad,0.941653,24850,0.941653,4,1.0,0.0,0.0,0.0,0.0,0.0,0.0,0.0,0.0,0.0,1.0,0.999999,76.262871,108.854858,186.678558,203.529388,0.0,0.999994,156.192123,131.470715,94.67453,110.415688
Bad,0.935978,25104,0.935978,2,1.0,0.0,0.0,0.0,0.0,0.0,0.0,0.0,0.0,0.0,1.0,1.0,78.052322,109.221405,184.890305,205.373657,0.0,0.999991,157.297531,131.471313,96.152252,106.837982
Bad,1.014179,31353,1.014179,6,0.999891,0.000109,0.0,0.0,0.0,0.0,0.0,0.0,0.0,0.0,0.999891,0.999782,80.678558,119.823044,173.431427,203.820663,0.0,0.99912,161.821854,127.054993,83.99762,92.752869
Bad,1.126408,29499,1.126408,9,1.0,0.0,0.0,0.0,0.0,0.0,0.0,0.0,0.0,0.0,1.0,1.0,70.159454,68.271416,196.092621,219.922089,3.0,0.996741,144.096752,133.126038,151.650673,125.933167
Bad,0.946955,24935,0.946955,2,0.999999,1e-06,0.0,0.0,0.0,0.0,0.0,0.0,0.0,0.0,0.999999,0.999999,91.160721,112.110886,180.85051,198.755173,8.0,0.984345,155.433029,136.005615,86.644287,89.689789
Bad,0.973855,27196,0.973855,3,0.999988,1.2e-05,0.0,0.0,0.0,0.0,0.0,0.0,0.0,0.0,0.999988,0.999976,77.025505,106.277512,187.127472,207.717392,0.0,0.999967,156.997452,132.076488,101.43988,110.101967
Bad,0.960732,25326,0.960732,3,1.0,0.0,0.0,0.0,0.0,0.0,0.0,0.0,0.0,0.0,1.0,0.999999,77.254364,105.291,188.904663,205.850571,0.0,0.999994,155.570786,133.079514,100.55957,111.650299
Bad,1.01575,24647,1.01575,2,0.999999,1e-06,0.0,0.0,0.0,0.0,0.0,0.0,0.0,0.0,0.999999,0.999999,75.708,107.951622,184.381134,205.288513,0.0,0.999999,156.620068,130.044567,97.336891,108.673134
Bad,1.103814,32418,1.103814,8,1.0,0.0,0.0,0.0,0.0,0.0,0.0,0.0,0.0,0.0,1.0,1.0,66.531494,69.941742,193.75766,219.197083,3.0,0.992143,144.569412,130.144577,149.255341,127.226166
Bad,0.997852,24998,0.997852,3,0.999998,2e-06,0.0,0.0,0.0,0.0,0.0,0.0,0.0,0.0,0.999998,0.999997,77.942421,107.481094,188.369019,208.322372,0.0,0.999935,157.901733,133.15572,100.841278,110.426598
Bad,1.026037,24844,1.026037,4,0.999987,1.3e-05,0.0,0.0,0.0,0.0,0.0,0.0,0.0,0.0,0.999987,0.999974,78.62455,106.698914,188.019623,206.471527,0.0,0.999932,156.58522,133.322086,99.772614,109.395073
Bad,1.118362,25743,1.118362,2,1.0,0.0,0.0,0.0,0.0,0.0,0.0,0.0,0.0,0.0,1.0,1.0,86.703705,120.566505,171.953583,197.321075,8.0,0.998836,158.94379,129.328644,76.75457,85.249878
Bad,1.148768,27258,1.148768,2,1.0,0.0,0.0,0.0,0.0,0.0,0.0,0.0,0.0,0.0,1.0,1.0,89.016159,117.993622,172.135513,192.735718,8.0,0.99945,155.36467,130.575836,74.742096,83.119354
Bad,1.052263,26295,1.052263,3,0.999999,1e-06,0.0,0.0,0.0,0.0,0.0,0.0,0.0,0.0,0.999999,0.999998,88.314819,117.701202,172.268768,191.590454,8.0,0.999135,154.645828,130.291794,73.889252,83.953949
Bad,1.0727,25731,1.0727,4,1.0,0.0,0.0,0.0,0.0,0.0,0.0,0.0,0.0,0.0,1.0,0.999999,87.068161,118.192726,172.106949,195.375519,8.0,0.999306,156.784122,129.587555,77.182793,85.038788
Bad,1.021926,29489,1.021926,5,1.0,0.0,0.0,0.0,0.0,0.0,0.0,0.0,0.0,0.0,1.0,1.0,66.126831,69.17646,193.450012,220.380615,3.0,0.996689,144.778538,129.788422,151.204155,127.323181
Bad,0.996775,26949,0.996775,3,0.999998,2e-06,0.0,0.0,0.0,0.0,0.0,0.0,0.0,0.0,0.999998,0.999997,91.863052,119.253983,175.125168,188.256119,8.0,0.999877,153.755051,133.49411,69.002136,83.262115
Bad,1.037531,28281,1.037531,3,1.0,0.0,0.0,0.0,0.0,0.0,0.0,0.0,0.0,0.0,1.0,1.0,66.172928,67.140388,193.786148,223.576752,3.0,0.997329,145.35857,129.979538,156.436363,127.61322
Bad,0.999302,28265,0.999302,6,1.0,0.0,0.0,0.0,0.0,0.0,0.0,0.0,0.0,0.0,1.0,0.999999,65.306992,69.32782,192.904922,216.379944,3.0,0.983585,142.853882,129.105957,147.052124,127.597931
Bad,1.146023,25699,1.146023,4,0.999999,1e-06,0.0,0.0,0.0,0.0,0.0,0.0,0.0,0.0,0.999999,0.999998,56.022896,78.446228,177.787109,217.40564,3.0,0.995791,147.925934,116.905003,138.959412,121.764214
Bad,1.089245,28467,1.089245,4,1.0,0.0,0.0,0.0,0.0,0.0,0.0,0.0,0.0,0.0,1.0,1.0,65.52713,62.843658,192.469574,221.085754,3.0,0.994632,141.964706,128.998352,158.242096,126.942444
Bad,1.110156,28403,1.110156,6,1.0,0.0,0.0,0.0,0.0,0.0,0.0,0.0,0.0,0.0,1.0,1.0,65.334229,66.165527,193.454895,220.066559,3.0,0.993201,143.116043,129.394562,153.901031,128.120667
Bad,1.094943,27005,1.094943,9,1.0,0.0,0.0,0.0,0.0,0.0,0.0,0.0,0.0,0.0,1.0,1.0,63.721905,80.595192,190.268295,220.715942,3.0,0.99727,150.655567,126.9951,140.12075,126.546391
Bad,1.078381,28314,1.078381,7,1.0,0.0,0.0,0.0,0.0,0.0,0.0,0.0,0.0,0.0,1.0,1.0,63.91465,80.450111,190.407928,220.394714,3.0,0.997185,150.422413,127.161289,139.944603,126.493279
Bad,1.026206,27910,1.026206,6,1.0,0.0,0.0,0.0,0.0,0.0,0.0,0.0,0.0,0.0,1.0,1.0,66.597122,64.373947,193.2733,223.058304,3.0,0.998109,143.716125,129.935211,158.684357,126.676178
Bad,1.02921,28325,1.02921,5,1.0,0.0,0.0,0.0,0.0,0.0,0.0,0.0,0.0,0.0,1.0,1.0,66.429443,61.862907,193.327881,222.761383,3.0,0.998575,142.312145,129.878662,160.898476,126.898438
Bad,1.059578,28323,1.059578,4,1.0,0.0,0.0,0.0,0.0,0.0,0.0,0.0,0.0,0.0,1.0,1.0,69.11615,71.53463,192.86557,215.7901,3.0,0.987584,143.662365,130.99086,144.25547,123.74942
Bad,1.076868,26887,1.076868,5,0.999999,1e-06,0.0,0.0,0.0,0.0,0.0,0.0,0.0,0.0,0.999999,0.999999,65.397911,67.019653,193.524658,219.300781,3.0,0.995543,143.160217,129.461285,152.281128,128.126747
Bad,1.074583,27304,1.074583,2,1.0,0.0,0.0,0.0,0.0,0.0,0.0,0.0,0.0,0.0,1.0,0.999999,66.647133,67.528412,192.601135,214.134491,3.0,0.984799,140.831451,129.624134,146.606079,125.954002
Bad,0.94001,31090,0.94001,4,1.0,0.0,0.0,0.0,0.0,0.0,0.0,0.0,0.0,0.0,1.0,0.999999,89.308205,110.163269,179.05014,212.862061,2.0,0.872894,161.512665,134.179173,102.698792,89.741936
Bad,1.305155,32182,1.305155,2,1.0,0.0,0.0,0.0,0.0,0.0,0.0,0.0,0.0,0.0,1.0,0.999999,89.637115,110.594017,175.80365,213.405853,2.0,0.886761,161.999935,132.720383,102.811836,86.166534
Bad,1.313647,32068,1.313647,1,1.0,0.0,0.0,0.0,0.0,0.0,0.0,0.0,0.0,0.0,1.0,0.999999,89.108109,107.853333,174.704117,213.284943,2.0,0.889014,160.569138,131.906113,105.43161,85.596008
Bad,1.107058,25838,1.107058,3,1.0,0.0,0.0,0.0,0.0,0.0,0.0,0.0,0.0,0.0,1.0,1.0,62.272881,83.541962,186.470947,215.707855,3.0,0.997392,149.624908,124.371914,132.165894,124.198067
Bad,1.022016,26532,1.022016,3,1.0,0.0,0.0,0.0,0.0,0.0,0.0,0.0,0.0,0.0,1.0,1.0,82.657555,74.981987,177.437683,155.808563,8.0,0.964752,115.395275,130.047619,80.826576,94.780128
Bad,0.911335,29626,0.911335,2,1.0,0.0,0.0,0.0,0.0,0.0,0.0,0.0,0.0,0.0,1.0,1.0,84.058762,74.799759,172.569565,142.892471,8.0,0.997071,108.846115,128.314163,68.092712,88.510803
Bad,1.114721,29379,1.114721,2,1.0,0.0,0.0,0.0,0.0,0.0,0.0,0.0,0.0,0.0,1.0,1.0,65.092293,52.026695,193.263794,207.649353,3.0,0.992516,129.838024,129.178043,155.622658,128.171501
Bad,1.098046,30817,1.098046,3,1.0,0.0,0.0,0.0,0.0,0.0,0.0,0.0,0.0,0.0,1.0,1.0,64.105469,47.052002,194.329865,213.357117,3.0,0.999204,130.204559,129.217667,166.305115,130.224396
Bad,1.0601,27778,1.0601,2,1.0,0.0,0.0,0.0,0.0,0.0,0.0,0.0,0.0,0.0,1.0,1.0,68.217148,70.592316,189.436264,198.18042,4.0,0.990224,134.386368,128.826706,127.588104,121.219116
Bad,0.941909,30018,0.941909,2,1.0,0.0,0.0,0.0,0.0,0.0,0.0,0.0,0.0,0.0,1.0,1.0,69.076035,64.901436,188.914597,198.649963,4.0,0.946845,131.7757,128.995316,133.748528,119.838562
Bad,1.00778,27367,1.00778,1,1.0,0.0,0.0,0.0,0.0,0.0,0.0,0.0,0.0,0.0,1.0,1.0,73.697784,66.758247,189.50705,195.643707,4.0,0.989976,131.200977,131.602417,128.88546,115.809265
Bad,0.974148,22699,0.974148,1,1.0,0.0,0.0,0.0,0.0,0.0,0.0,0.0,0.0,0.0,1.0,1.0,65.805115,71.75769,187.149765,198.762756,4.0,0.986123,135.260223,126.47744,127.005066,121.34465
Bad,0.979411,29201,0.979411,1,1.0,0.0,0.0,0.0,0.0,0.0,0.0,0.0,0.0,0.0,1.0,1.0,72.109787,63.660667,189.81633,192.890442,4.0,0.985035,128.275555,130.963058,129.229774,117.706543
Bad,1.087071,29927,1.087071,2,1.0,0.0,0.0,0.0,0.0,0.0,0.0,0.0,0.0,0.0,1.0,1.0,64.924034,54.044899,193.036957,209.876282,3.0,0.99633,131.96059,128.980495,155.831383,128.112923
Bad,1.03488,31052,1.03488,2,1.0,0.0,0.0,0.0,0.0,0.0,0.0,0.0,0.0,0.0,1.0,1.0,71.184341,67.595116,190.26683,196.568909,4.0,0.993783,132.082012,130.725586,128.973793,119.082489
Bad,1.104832,28921,1.104832,2,1.0,0.0,0.0,0.0,0.0,0.0,0.0,0.0,0.0,0.0,1.0,1.0,73.605064,82.308716,171.513,173.671982,9.0,0.997528,127.990349,122.559032,91.363266,97.907936
Bad,1.11581,32685,1.11581,3,1.0,0.0,0.0,0.0,0.0,0.0,0.0,0.0,0.0,0.0,1.0,1.0,76.691277,82.551109,173.786865,172.436829,9.0,0.993412,127.493969,125.239071,89.885719,97.095589
Bad,1.403722,33759,1.403722,2,1.0,0.0,0.0,0.0,0.0,0.0,0.0,0.0,0.0,0.0,1.0,1.0,71.371902,69.199677,185.015488,176.173187,5.0,0.999948,122.686432,128.193695,106.973511,113.643585
Bad,1.16938,36004,1.16938,2,1.0,0.0,0.0,0.0,0.0,0.0,0.0,0.0,0.0,0.0,1.0,0.999999,70.250893,57.479309,185.791687,177.396454,5.0,0.999757,117.437881,128.02129,119.917145,115.540794
Bad,1.081041,33211,1.081041,2,1.0,0.0,0.0,0.0,0.0,0.0,0.0,0.0,0.0,0.0,1.0,1.0,74.630936,84.743721,171.077011,170.62384,9.0,0.997526,127.683781,122.853973,85.880119,96.446075
Bad,0.959183,29739,0.959183,1,0.999996,4e-06,0.0,0.0,0.0,0.0,0.0,0.0,0.0,0.0,0.999996,0.999991,71.413101,84.933441,169.052399,184.07077,9.0,0.976286,134.502106,120.23275,99.137329,97.639297
Bad,1.215189,30717,1.215189,1,1.0,0.0,0.0,0.0,0.0,0.0,0.0,0.0,0.0,0.0,1.0,1.0,71.709602,88.943558,173.588806,182.805191,9.0,0.997725,135.874374,122.649204,93.861633,101.879204
Bad,1.066655,31228,1.066655,1,1.0,0.0,0.0,0.0,0.0,0.0,0.0,0.0,0.0,0.0,1.0,1.0,77.629372,87.265564,170.710663,165.543381,9.0,0.964691,126.404472,124.170017,78.277817,93.081291
Bad,1.127201,30818,1.127201,2,1.0,0.0,0.0,0.0,0.0,0.0,0.0,0.0,0.0,0.0,1.0,1.0,72.44223,85.662704,170.692337,178.429947,9.0,0.995691,132.046326,121.567284,92.767242,98.250107
Bad,1.124879,32738,1.124879,1,1.0,0.0,0.0,0.0,0.0,0.0,0.0,0.0,0.0,0.0,1.0,1.0,72.250946,86.807236,173.219116,185.866043,9.0,0.996734,136.336639,122.735031,99.058807,100.96817
Bad,1.06406,30134,1.06406,2,1.0,1e-06,0.0,0.0,0.0,0.0,0.0,0.0,0.0,0.0,1.0,0.999999,71.219666,78.649536,171.946045,184.975769,9.0,0.99507,131.812653,121.582855,106.326233,100.726379
Bad,1.249524,35004,1.249524,2,1.0,0.0,0.0,0.0,0.0,0.0,0.0,0.0,0.0,0.0,1.0,1.0,69.877762,80.948784,171.452209,187.550446,9.0,0.995881,134.249615,120.664986,106.601662,101.574448
Bad,1.125277,31037,1.125277,3,1.0,0.0,0.0,0.0,0.0,0.0,0.0,0.0,0.0,0.0,1.0,1.0,65.738327,49.195564,185.796494,183.774963,5.0,0.999657,116.485264,125.76741,134.579399,120.058167
Bad,1.044106,31632,1.044106,3,0.999996,4e-06,0.0,0.0,0.0,0.0,0.0,0.0,0.0,0.0,0.999996,0.999992,70.058853,82.037941,171.673309,191.203491,9.0,0.997608,136.620716,120.866081,109.16555,101.614456
Bad,1.195547,25145,1.195547,2,1.0,0.0,0.0,0.0,0.0,0.0,0.0,0.0,0.0,0.0,1.0,1.0,71.959244,85.049942,171.473709,181.949875,9.0,0.996348,133.499908,121.716476,96.899933,99.514465
Bad,1.229843,30988,1.229843,2,0.999969,3.1e-05,0.0,0.0,0.0,0.0,0.0,0.0,0.0,0.0,0.999969,0.999938,73.266495,79.610107,175.386093,175.028,9.0,0.996816,127.319054,124.326294,95.417892,102.119598
Bad,1.169828,26258,1.169828,5,0.999992,8e-06,0.0,0.0,0.0,0.0,0.0,0.0,0.0,0.0,0.999992,0.999984,70.327286,73.348587,174.624756,183.195389,9.0,0.997522,128.271988,122.476021,109.846802,104.29747
Bad,1.082979,31065,1.082979,2,0.999964,3.6e-05,0.0,0.0,0.0,0.0,0.0,0.0,0.0,0.0,0.999964,0.999928,73.273239,80.543945,173.860229,178.44101,9.0,0.992489,129.492477,123.566734,97.897064,100.58699
Bad,1.172607,27586,1.172607,2,1.0,0.0,0.0,0.0,0.0,0.0,0.0,0.0,0.0,0.0,1.0,1.0,73.896156,80.783836,175.309998,187.250244,9.0,0.9936,134.01704,124.603077,106.466408,101.413841
Bad,1.054333,28129,1.054333,1,1.0,0.0,0.0,0.0,0.0,0.0,0.0,0.0,0.0,0.0,1.0,1.0,78.473381,72.673904,173.435974,162.114594,7.0,0.965715,117.394249,125.954678,89.440689,94.962593
Bad,1.106273,35171,1.106273,2,1.0,0.0,0.0,0.0,0.0,0.0,0.0,0.0,0.0,0.0,1.0,1.0,80.768814,78.416138,169.636383,150.280609,6.0,0.835335,114.348373,125.202599,71.864471,88.867569
Bad,1.124416,30675,1.124416,3,1.0,0.0,0.0,0.0,0.0,0.0,0.0,0.0,0.0,0.0,1.0,1.0,71.690895,76.930618,174.054352,165.810638,7.0,0.990376,121.370628,122.872623,88.88002,102.363457
Bad,1.13872,33059,1.13872,2,1.0,0.0,0.0,0.0,0.0,0.0,0.0,0.0,0.0,0.0,1.0,1.0,75.801819,69.673828,177.311478,158.513062,7.0,0.995458,114.093445,126.556648,88.839233,101.509659
Bad,1.117919,27671,1.117919,2,1.0,0.0,0.0,0.0,0.0,0.0,0.0,0.0,0.0,0.0,1.0,1.0,72.048424,75.757874,175.789093,173.451187,7.0,0.998576,124.60453,123.918758,97.693314,103.740669
Bad,1.053122,33303,1.053122,2,1.0,0.0,0.0,0.0,0.0,0.0,0.0,0.0,0.0,0.0,1.0,1.0,73.386642,67.703659,176.689178,162.472626,7.0,0.995665,115.088142,125.03791,94.768967,103.302536
Bad,1.106245,33659,1.106245,3,1.0,0.0,0.0,0.0,0.0,0.0,0.0,0.0,0.0,0.0,1.0,1.0,74.674927,62.73354,179.074249,158.678421,7.0,0.995867,110.70598,126.874588,95.944881,104.399323
Bad,1.074505,32942,1.074505,2,1.0,0.0,0.0,0.0,0.0,0.0,0.0,0.0,0.0,0.0,1.0,0.999999,78.188408,72.988876,163.468323,150.000778,8.0,0.994885,111.494827,120.828365,77.011902,85.279915
Bad,1.084234,34084,1.084234,3,1.0,0.0,0.0,0.0,0.0,0.0,0.0,0.0,0.0,0.0,1.0,1.0,78.361061,74.31739,176.176666,169.262329,7.0,0.99281,121.78986,127.268864,94.944939,97.815605
Bad,1.125523,30476,1.125523,4,1.0,0.0,0.0,0.0,0.0,0.0,0.0,0.0,0.0,0.0,1.0,1.0,71.442612,66.239754,177.81134,166.457458,7.0,0.998856,116.348606,124.626976,100.217705,106.368729
Bad,1.085839,32705,1.085839,3,1.0,0.0,0.0,0.0,0.0,0.0,0.0,0.0,0.0,0.0,1.0,1.0,74.07444,70.441521,177.888153,160.11554,7.0,0.998231,115.27853,125.981297,89.674019,103.813713
Bad,1.088999,31780,1.088999,3,1.0,0.0,0.0,0.0,0.0,0.0,0.0,0.0,0.0,0.0,1.0,1.0,76.123634,74.910278,175.849609,160.005783,7.0,0.849086,117.458031,125.986622,85.095505,99.725975
Bad,0.965356,26807,0.965356,4,1.0,0.0,0.0,0.0,0.0,0.0,0.0,0.0,0.0,0.0,1.0,1.0,63.707611,45.953117,193.318573,210.096924,3.0,0.999283,128.025021,128.513092,164.143806,129.610962
Bad,1.065009,33897,1.065009,2,1.0,0.0,0.0,0.0,0.0,0.0,0.0,0.0,0.0,0.0,1.0,1.0,75.40731,79.355881,167.349335,151.613068,6.0,0.969752,115.484474,121.378323,72.257187,91.942024
Bad,1.126998,33536,1.126998,2,1.0,0.0,0.0,0.0,0.0,0.0,0.0,0.0,0.0,0.0,1.0,1.0,57.382004,39.54805,191.85701,209.200638,3.0,0.999944,124.374344,124.619507,169.652588,134.475006
Bad,1.131593,34454,1.131593,1,1.0,0.0,0.0,0.0,0.0,0.0,0.0,0.0,0.0,0.0,1.0,1.0,80.188614,72.357712,178.503616,166.629578,7.0,0.992344,119.493645,129.346115,94.271866,98.315002
Bad,1.085495,34124,1.085495,2,1.0,0.0,0.0,0.0,0.0,0.0,0.0,0.0,0.0,0.0,1.0,1.0,74.62249,76.913376,170.630035,151.701736,6.0,0.939512,114.307556,122.626263,74.788361,96.007545
Bad,1.024463,28743,1.024463,2,1.0,0.0,0.0,0.0,0.0,0.0,0.0,0.0,0.0,0.0,1.0,1.0,66.386398,49.499313,195.101059,211.789963,3.0,0.994522,130.644638,130.743729,162.290649,128.714661
Bad,1.068639,32108,1.068639,3,1.0,0.0,0.0,0.0,0.0,0.0,0.0,0.0,0.0,0.0,1.0,1.0,68.194382,58.78603,190.816574,182.832504,4.0,0.98082,120.809267,129.505478,124.046474,122.622192
Bad,1.136319,32341,1.136319,3,1.0,0.0,0.0,0.0,0.0,0.0,0.0,0.0,0.0,0.0,1.0,1.0,81.022301,76.392395,176.233948,149.614975,6.0,0.829222,113.003685,128.628124,73.22258,95.211647
Bad,0.981832,32464,0.981832,1,1.0,0.0,0.0,0.0,0.0,0.0,0.0,0.0,0.0,0.0,1.0,1.0,80.114517,77.479935,167.157364,156.782471,8.0,0.967406,117.131203,123.635941,79.302536,87.042847
Bad,1.092497,35544,1.092497,2,1.0,0.0,0.0,0.0,0.0,0.0,0.0,0.0,0.0,0.0,1.0,1.0,81.194138,77.433899,173.290863,157.031647,8.0,0.992368,117.232773,127.2425,79.597748,92.096725
Bad,1.079737,31633,1.079737,2,1.0,0.0,0.0,0.0,0.0,0.0,0.0,0.0,0.0,0.0,1.0,1.0,81.740051,77.255035,171.298462,154.768433,8.0,0.996148,116.011734,126.519257,77.513397,89.558411
Bad,1.047415,29968,1.047415,6,1.0,0.0,0.0,0.0,0.0,0.0,0.0,0.0,0.0,0.0,1.0,1.0,61.09034,42.563515,192.601135,211.818878,3.0,0.999876,127.191196,126.845737,169.255363,131.510796
Bad,1.100614,32464,1.100614,2,1.0,0.0,0.0,0.0,0.0,0.0,0.0,0.0,0.0,0.0,1.0,1.0,60.418541,41.505402,193.97113,210.351028,3.0,0.999785,125.928215,127.194836,168.845627,133.552589
Bad,1.055228,27807,1.055228,2,1.0,0.0,0.0,0.0,0.0,0.0,0.0,0.0,0.0,0.0,1.0,1.0,60.487915,41.865471,193.729584,212.382019,3.0,0.999822,127.123745,127.108749,170.516548,133.241669
Bad,1.132941,33299,1.132941,6,1.0,0.0,0.0,0.0,0.0,0.0,0.0,0.0,0.0,0.0,1.0,1.0,61.62825,45.717102,194.676926,211.471497,3.0,0.999594,128.594299,128.152588,165.754395,133.048676
Bad,1.111377,30581,1.111377,2,1.0,0.0,0.0,0.0,0.0,0.0,0.0,0.0,0.0,0.0,1.0,1.0,59.883942,44.558136,193.567581,213.763885,3.0,0.999838,129.161011,126.725761,169.20575,133.68364
Bad,1.019661,34928,1.019661,3,1.0,0.0,0.0,0.0,0.0,0.0,0.0,0.0,0.0,0.0,1.0,1.0,61.547897,46.681808,194.639023,211.752335,3.0,0.999192,129.217072,128.09346,165.070526,133.091125
Bad,1.124952,30662,1.124952,2,1.0,0.0,0.0,0.0,0.0,0.0,0.0,0.0,0.0,0.0,1.0,1.0,61.845634,46.474434,194.978638,211.560303,3.0,0.999463,129.017368,128.412136,165.085869,133.133003
Bad,1.049999,29287,1.049999,3,1.0,0.0,0.0,0.0,0.0,0.0,0.0,0.0,0.0,0.0,1.0,1.0,77.682312,53.276794,207.749695,216.294952,3.0,0.998699,134.785873,142.716003,163.018158,130.067383
Bad,1.079484,30822,1.079484,3,1.0,0.0,0.0,0.0,0.0,0.0,0.0,0.0,0.0,0.0,1.0,1.0,69.647537,48.746342,182.285538,161.698074,7.0,0.997956,105.222208,125.966537,112.951733,112.638
Bad,1.079731,29307,1.079731,2,1.0,0.0,0.0,0.0,0.0,0.0,0.0,0.0,0.0,0.0,1.0,1.0,78.055908,73.101196,175.81395,167.032562,7.0,0.976316,120.066879,126.934929,93.931366,97.758041
Bad,0.906802,29069,0.906802,1,1.0,0.0,0.0,0.0,0.0,0.0,0.0,0.0,0.0,0.0,1.0,1.0,78.760864,74.469292,170.712677,150.986908,6.0,0.593943,112.7281,124.736771,76.517616,91.951813
Bad,1.108723,31425,1.108723,1,1.0,0.0,0.0,0.0,0.0,0.0,0.0,0.0,0.0,0.0,1.0,1.0,71.826385,63.92804,193.662598,214.359131,3.0,0.996918,139.143585,132.744492,150.431091,121.836212
Bad,1.143497,31806,1.143497,2,0.999999,1e-06,0.0,0.0,0.0,0.0,0.0,0.0,0.0,0.0,0.999999,0.999998,79.640701,113.943695,181.354752,210.377411,9.0,0.998548,162.160553,130.497726,96.433716,101.71405
Bad,1.148506,33401,1.148506,2,0.999997,3e-06,0.0,0.0,0.0,0.0,0.0,0.0,0.0,0.0,0.999997,0.999995,80.473885,111.461624,180.2966,210.57048,9.0,0.999696,161.016052,130.385242,99.108856,99.822716
Bad,1.14183,31829,1.14183,2,0.999944,5.6e-05,0.0,0.0,0.0,0.0,0.0,0.0,0.0,0.0,0.999944,0.999888,76.823166,104.199371,179.779709,211.989746,9.0,0.99881,158.094559,128.301437,107.790375,102.956543
Bad,1.088534,30411,1.088534,1,0.999989,1.1e-05,0.0,0.0,0.0,0.0,0.0,0.0,0.0,0.0,0.999989,0.999979,77.35405,106.691513,177.005325,209.46019,9.0,0.999206,158.075851,127.179688,102.768677,99.651276
Bad,1.159165,32861,1.159165,3,0.999995,5e-06,0.0,0.0,0.0,0.0,0.0,0.0,0.0,0.0,0.999995,0.999991,77.464798,104.454773,182.109238,217.661499,9.0,0.998423,161.058136,129.787018,113.206726,104.64444
Bad,1.160226,32892,1.160226,2,0.999994,6e-06,0.0,0.0,0.0,0.0,0.0,0.0,0.0,0.0,0.999994,0.999988,76.771255,110.94989,178.798782,209.699554,9.0,0.999464,160.324722,127.785019,98.749664,102.027527
Bad,1.125452,32093,1.125452,2,0.999992,7e-06,0.0,0.0,0.0,0.0,0.0,0.0,0.0,0.0,0.999992,0.999985,77.351486,106.003876,180.790543,216.617035,9.0,0.99814,161.310455,129.071014,110.613159,103.439056
Bad,1.120131,31090,1.120131,1,0.999998,2e-06,0.0,0.0,0.0,0.0,0.0,0.0,0.0,0.0,0.999998,0.999996,76.750763,104.34082,179.626587,215.025269,9.0,0.998982,159.683044,128.188675,110.684448,102.875824
Bad,1.054614,29538,1.054614,3,1.0,0.0,0.0,0.0,0.0,0.0,0.0,0.0,0.0,0.0,1.0,1.0,71.90802,77.569168,196.177856,231.967819,3.0,0.998139,154.768494,134.042938,154.398651,124.269836
Bad,1.098052,24858,1.098052,2,0.999998,2e-06,0.0,0.0,0.0,0.0,0.0,0.0,0.0,0.0,0.999998,0.999996,68.933037,91.265533,186.618896,221.444702,4.0,0.949975,156.355118,127.775967,130.179169,117.68586
Bad,1.10112,25431,1.10112,4,1.0,0.0,0.0,0.0,0.0,0.0,0.0,0.0,0.0,0.0,1.0,0.999999,70.992599,88.028786,191.931381,230.065338,3.0,0.995017,159.047062,131.46199,142.036552,120.938782
Bad,1.125791,24527,1.125791,5,1.0,0.0,0.0,0.0,0.0,0.0,0.0,0.0,0.0,0.0,1.0,1.0,66.445816,90.464111,187.900208,215.252838,4.0,0.976668,152.858475,127.173012,124.788727,121.454391
Bad,1.088096,27212,1.088096,2,1.0,0.0,0.0,0.0,0.0,0.0,0.0,0.0,0.0,0.0,1.0,1.0,71.927856,90.042435,193.358643,231.84819,3.0,0.998718,160.945313,132.64325,141.805756,121.430786
Bad,1.070348,32653,1.070348,5,0.999961,3.9e-05,0.0,0.0,0.0,0.0,0.0,0.0,0.0,0.0,0.999961,0.999922,80.456802,91.942917,180.156662,190.700882,9.0,0.996124,141.321899,130.306732,98.757965,99.69986
Bad,1.0095,29094,1.0095,3,0.999968,3.2e-05,0.0,0.0,0.0,0.0,0.0,0.0,0.0,0.0,0.999968,0.999935,77.785088,96.508896,176.736755,192.906509,9.0,0.999268,144.707703,127.260921,96.397614,98.951668
Bad,1.041166,29373,1.041166,6,0.999993,7e-06,0.0,0.0,0.0,0.0,0.0,0.0,0.0,0.0,0.999993,0.999987,79.565048,103.646423,180.689865,194.194305,9.0,0.999276,148.920364,130.127457,90.547882,101.124817
Bad,0.97704,30427,0.97704,7,1.0,0.0,0.0,0.0,0.0,0.0,0.0,0.0,0.0,0.0,1.0,1.0,81.050369,103.581894,182.97731,195.910995,9.0,0.999367,149.746445,132.01384,92.329102,101.926941
Bad,1.052346,28482,1.052346,4,0.999997,3e-06,0.0,0.0,0.0,0.0,0.0,0.0,0.0,0.0,0.999997,0.999994,82.409538,104.121307,181.884644,196.062225,9.0,0.998636,150.091766,132.147091,91.940918,99.475105
Bad,0.985812,29182,0.985812,4,1.0,0.0,0.0,0.0,0.0,0.0,0.0,0.0,0.0,0.0,1.0,0.999999,81.30925,104.975677,182.906937,196.475739,9.0,0.99935,150.725708,132.108093,91.500061,101.597687
Bad,1.002521,27314,1.002521,4,0.999999,1e-06,0.0,0.0,0.0,0.0,0.0,0.0,0.0,0.0,0.999999,0.999997,81.99971,95.487778,184.480087,197.377365,9.0,0.997906,146.432571,133.239899,101.889587,102.480377
Bad,1.026398,28470,1.026398,4,0.999971,2.9e-05,0.0,0.0,0.0,0.0,0.0,0.0,0.0,0.0,0.999971,0.999942,83.645226,101.703934,187.155823,202.963211,9.0,0.997953,152.333572,135.400524,101.259277,103.510597
Bad,1.025675,29372,1.025675,6,0.999943,5.7e-05,0.0,0.0,0.0,0.0,0.0,0.0,0.0,0.0,0.999943,0.999886,82.591751,100.602432,185.154068,197.771255,9.0,0.998966,149.186844,133.87291,97.168823,102.562317
Bad,1.01415,31371,1.01415,7,1.0,0.0,0.0,0.0,0.0,0.0,0.0,0.0,0.0,0.0,1.0,0.999999,81.172729,99.990242,184.788055,210.748779,9.0,0.999644,155.369511,132.980392,110.758537,103.615326
Bad,1.054738,30064,1.054738,5,0.999767,0.000233,0.0,0.0,0.0,0.0,0.0,0.0,0.0,0.0,0.999767,0.999534,78.864822,92.147552,181.469864,206.825958,9.0,0.995412,149.486755,130.167343,114.678406,102.605042
Bad,1.081884,30420,1.081884,4,0.999699,0.000301,0.0,0.0,0.0,0.0,0.0,0.0,0.0,0.0,0.999699,0.999398,80.022446,94.948669,182.304825,198.790802,9.0,0.990959,146.869736,131.163635,103.842133,102.282379
Bad,1.060015,32731,1.060015,6,0.996239,0.003761,0.0,0.0,0.0,0.0,0.0,0.0,0.0,0.0,0.996239,0.992478,79.890793,89.354446,184.149765,203.112289,9.0,0.998964,146.233368,132.020279,113.757843,104.258972
Bad,0.990599,28656,0.990599,3,0.999986,1.4e-05,0.0,0.0,0.0,0.0,0.0,0.0,0.0,0.0,0.999986,0.999971,80.841446,89.851059,184.559677,195.685989,9.0,0.999252,142.768524,132.700562,105.83493,103.718231
Bad,1.038332,33646,1.038332,4,0.999788,0.000212,0.0,0.0,0.0,0.0,0.0,0.0,0.0,0.0,0.999788,0.999575,80.942612,89.180946,184.099319,191.013367,9.0,0.998349,140.097157,132.520966,101.83242,103.156708
Bad,1.034777,28279,1.034777,4,0.999988,1.2e-05,0.0,0.0,0.0,0.0,0.0,0.0,0.0,0.0,0.999988,0.999977,81.420578,96.372467,183.129074,197.775818,9.0,0.998862,147.074142,132.274826,101.403351,101.708496
Bad,1.092542,35475,1.092542,6,0.999211,0.000789,0.0,0.0,0.0,0.0,0.0,0.0,0.0,0.0,0.999211,0.998422,80.851883,85.824463,184.865189,193.955017,9.0,0.998952,139.88974,132.858536,108.130554,104.013306
Bad,1.014915,34600,1.014915,4,0.99986,0.00014,0.0,0.0,0.0,0.0,0.0,0.0,0.0,0.0,0.99986,0.99972,81.960922,90.480469,183.909927,192.193665,9.0,0.998091,141.337067,132.935425,101.713196,101.949005
Bad,0.998692,31039,0.998692,6,1.0,0.0,0.0,0.0,0.0,0.0,0.0,0.0,0.0,0.0,1.0,1.0,78.428535,95.36087,180.267639,203.88501,9.0,0.999832,149.62294,129.348087,108.524139,101.839104
Bad,1.062797,25193,1.062797,4,0.99999,1e-05,0.0,0.0,0.0,0.0,0.0,0.0,0.0,0.0,0.99999,0.999979,81.018555,111.995071,191.228149,203.462326,7.0,0.999177,157.728699,136.123352,91.467255,110.209595
Bad,1.041292,24831,1.041292,1,0.693391,0.30607,0.000531,5e-06,2e-06,1e-06,0.0,0.0,0.0,0.0,0.693391,0.387321,82.867271,105.249008,190.95575,210.64595,7.0,0.99669,157.947479,136.91151,105.396942,108.088478
Bad,1.036937,26417,1.036937,3,0.999973,2.7e-05,0.0,0.0,0.0,0.0,0.0,0.0,0.0,0.0,0.999973,0.999947,81.489838,116.733841,195.286469,219.562302,7.0,0.999367,168.148071,138.388153,102.828461,113.796631
Bad,1.20718,29584,1.20718,4,0.999705,0.000293,2e-06,0.0,0.0,0.0,0.0,0.0,0.0,0.0,0.999705,0.999412,77.397125,100.65358,186.447113,211.603867,7.0,0.992243,156.128723,131.922119,110.950287,109.049988
Bad,1.066242,24376,1.066242,4,0.999999,1e-06,0.0,0.0,0.0,0.0,0.0,0.0,0.0,0.0,0.999999,0.999998,83.053253,110.432556,190.560455,203.839661,7.0,0.999052,157.136108,136.806854,93.407104,107.507202
Bad,1.036725,25083,1.036725,4,1.0,0.0,0.0,0.0,0.0,0.0,0.0,0.0,0.0,0.0,1.0,0.999999,83.713646,103.121223,199.134003,206.666534,7.0,0.999051,154.893879,141.423824,103.545311,115.420357
Bad,1.013423,27561,1.013423,3,0.999959,3.6e-05,3e-06,2e-06,0.0,0.0,0.0,0.0,0.0,0.0,0.999959,0.999923,84.785828,105.984344,199.376007,220.11618,7.0,0.999809,163.050262,142.080917,114.131836,114.590179
Bad,1.053905,28091,1.053905,4,0.998933,0.001018,4.7e-05,2e-06,0.0,0.0,0.0,0.0,0.0,0.0,0.998933,0.997915,82.394043,109.629677,186.720764,205.375854,7.0,0.992964,157.502766,134.557404,95.746178,104.326721
Bad,1.041188,26812,1.041188,6,1.0,0.0,0.0,0.0,0.0,0.0,0.0,0.0,0.0,0.0,1.0,1.0,80.661514,120.159645,178.387924,200.298584,7.0,0.992527,160.229115,129.524719,80.138939,97.72641
Bad,1.059931,27368,1.059931,3,1.0,0.0,0.0,0.0,0.0,0.0,0.0,0.0,0.0,0.0,1.0,1.0,81.117386,108.683517,187.008377,200.370987,7.0,0.995556,154.527252,134.062881,91.687469,105.890991
Bad,1.118421,24863,1.118421,4,1.0,0.0,0.0,0.0,0.0,0.0,0.0,0.0,0.0,0.0,1.0,1.0,81.293808,103.194595,189.332779,212.441452,7.0,0.999413,157.818024,135.313293,109.246857,108.038971
Bad,1.032528,26716,1.032528,3,0.999999,1e-06,0.0,0.0,0.0,0.0,0.0,0.0,0.0,0.0,0.999999,0.999999,81.202492,111.737633,181.08255,206.378815,7.0,0.994562,159.058224,131.142521,94.641182,99.880058
Bad,1.065987,26178,1.065987,5,1.0,0.0,0.0,0.0,0.0,0.0,0.0,0.0,0.0,0.0,1.0,1.0,81.086906,114.58783,188.785797,215.27533,7.0,0.998903,164.93158,134.936352,100.6875,107.698891
Bad,1.071072,27667,1.071072,4,1.0,0.0,0.0,0.0,0.0,0.0,0.0,0.0,0.0,0.0,1.0,1.0,70.217186,70.260994,196.615143,237.067108,3.0,0.999848,153.664051,133.416164,166.806114,126.397957
Bad,1.071824,25042,1.071824,5,0.999998,2e-06,0.0,0.0,0.0,0.0,0.0,0.0,0.0,0.0,0.999998,0.999996,79.223526,104.969421,186.418747,211.240662,7.0,0.998182,158.105042,132.821136,106.27124,107.195221
Bad,0.985904,26939,0.985904,4,1.0,0.0,0.0,0.0,0.0,0.0,0.0,0.0,0.0,0.0,1.0,1.0,81.762985,108.606079,189.840683,205.793549,7.0,0.999304,157.199814,135.801834,97.187469,108.077698
Bad,1.081868,27715,1.081868,3,1.0,0.0,0.0,0.0,0.0,0.0,0.0,0.0,0.0,0.0,1.0,1.0,80.622833,107.519608,189.377625,207.737106,7.0,0.998656,157.628357,135.000229,100.217499,108.754791
Bad,1.04781,29653,1.04781,4,0.999998,2e-06,0.0,0.0,0.0,0.0,0.0,0.0,0.0,0.0,0.999998,0.999996,90.725418,122.378967,182.428818,200.237793,6.0,0.872246,161.30838,136.577118,77.858826,91.7034
Bad,0.982602,29148,0.982602,3,1.0,0.0,0.0,0.0,0.0,0.0,0.0,0.0,0.0,0.0,1.0,1.0,73.577332,81.554367,196.921906,236.092697,3.0,0.999072,158.823532,135.249619,154.53833,123.344574
Bad,1.050042,26460,1.050042,2,1.0,0.0,0.0,0.0,0.0,0.0,0.0,0.0,0.0,0.0,1.0,1.0,85.053505,105.141037,201.648987,218.007675,7.0,0.998033,161.574356,143.351246,112.866638,116.595482
Bad,0.974067,26029,0.974067,3,1.0,0.0,0.0,0.0,0.0,0.0,0.0,0.0,0.0,0.0,1.0,1.0,80.671509,105.369141,193.126862,207.671722,7.0,0.998696,156.520432,136.899185,102.302582,112.455353
Bad,1.083711,27022,1.083711,4,1.0,0.0,0.0,0.0,0.0,0.0,0.0,0.0,0.0,0.0,1.0,1.0,85.551987,104.926704,194.051407,201.85965,7.0,0.993244,153.393177,139.801697,96.932945,108.49942
Bad,1.015817,27933,1.015817,6,1.0,0.0,0.0,0.0,0.0,0.0,0.0,0.0,0.0,0.0,1.0,1.0,72.532959,71.076523,198.260437,235.711502,3.0,0.999794,153.394012,135.396698,164.634979,125.727478
Bad,1.038113,25426,1.038113,3,0.999998,2e-06,0.0,0.0,0.0,0.0,0.0,0.0,0.0,0.0,0.999998,0.999996,81.432922,109.870972,187.555511,201.124054,7.0,0.998298,155.497513,134.494217,91.253082,106.122589
Bad,1.021052,25513,1.021052,2,1.0,0.0,0.0,0.0,0.0,0.0,0.0,0.0,0.0,0.0,1.0,1.0,93.521317,119.569206,176.892471,188.069824,8.0,0.999529,153.819515,135.206894,68.500618,83.371155
Bad,1.113618,24088,1.113618,3,1.0,0.0,0.0,0.0,0.0,0.0,0.0,0.0,0.0,0.0,1.0,1.0,91.594528,118.837799,176.233932,186.150055,8.0,0.998381,152.493927,133.91423,67.312256,84.639404
Bad,1.04052,26376,1.04052,3,1.0,0.0,0.0,0.0,0.0,0.0,0.0,0.0,0.0,0.0,1.0,1.0,94.234497,118.190933,177.262268,192.85231,8.0,0.999732,155.521622,135.748383,74.661377,83.027771
Bad,0.970383,28221,0.970383,4,1.0,0.0,0.0,0.0,0.0,0.0,0.0,0.0,0.0,0.0,1.0,1.0,92.470459,120.294601,177.330719,192.873611,8.0,0.999678,156.584106,134.900589,72.57901,84.86026
Bad,1.035884,24017,1.035884,3,1.0,0.0,0.0,0.0,0.0,0.0,0.0,0.0,0.0,0.0,1.0,0.999999,93.501183,119.400558,176.247498,190.07753,8.0,0.998373,154.739044,134.87434,70.676971,82.746315
Bad,1.072273,26169,1.072273,3,1.0,0.0,0.0,0.0,0.0,0.0,0.0,0.0,0.0,0.0,1.0,1.0,93.599426,118.317459,177.308807,188.26033,8.0,0.999806,153.288895,135.454117,69.942871,83.709381
Bad,1.057495,25959,1.057495,4,1.0,0.0,0.0,0.0,0.0,0.0,0.0,0.0,0.0,0.0,1.0,1.0,71.294846,100.637421,192.039017,229.049927,3.0,0.996604,164.843674,131.666931,128.412506,120.744171
Bad,1.103658,29028,1.103658,3,1.0,0.0,0.0,0.0,0.0,0.0,0.0,0.0,0.0,0.0,1.0,0.999999,72.571091,97.98716,194.639969,235.254883,3.0,0.99846,166.621021,133.60553,137.267723,122.068878
Bad,1.143286,29111,1.143286,3,1.0,0.0,0.0,0.0,0.0,0.0,0.0,0.0,0.0,0.0,1.0,0.999999,72.80632,98.265327,194.863052,235.527527,3.0,0.998713,166.896427,133.834686,137.262199,122.056732
Bad,1.24338,29714,1.24338,2,0.999998,2e-06,0.0,0.0,0.0,0.0,0.0,0.0,0.0,0.0,0.999998,0.999996,72.244926,92.142929,195.554657,236.547104,3.0,0.995892,164.345016,133.899792,144.404175,123.309731
Bad,1.241343,30093,1.241343,5,1.0,0.0,0.0,0.0,0.0,0.0,0.0,0.0,0.0,0.0,1.0,1.0,70.523575,100.425537,192.399612,234.770874,3.0,0.988616,167.598206,131.461594,134.345337,121.876038
Bad,1.055458,30378,1.055458,2,1.0,0.0,0.0,0.0,0.0,0.0,0.0,0.0,0.0,0.0,1.0,0.999999,72.979965,80.431442,196.479874,235.771194,3.0,0.999032,158.101318,134.729919,155.339752,123.499908
Bad,1.131479,28901,1.131479,3,0.999993,7e-06,0.0,0.0,0.0,0.0,0.0,0.0,0.0,0.0,0.999993,0.999986,71.902023,92.518127,195.391037,236.7453,3.0,0.996847,164.631714,133.64653,144.227173,123.489014
Bad,1.152195,29641,1.152195,3,1.0,0.0,0.0,0.0,0.0,0.0,0.0,0.0,0.0,0.0,1.0,0.999999,72.009109,98.742569,192.185898,234.16597,3.0,0.997585,166.454269,132.097504,135.423401,120.176788
Bad,1.090761,31113,1.090761,5,0.999989,1.1e-05,0.0,0.0,0.0,0.0,0.0,0.0,0.0,0.0,0.999989,0.999979,69.865326,74.551826,195.461273,239.858826,3.0,0.999804,157.205326,132.6633,165.306999,125.595947
Bad,1.110156,29742,1.110156,2,0.999993,7e-06,0.0,0.0,0.0,0.0,0.0,0.0,0.0,0.0,0.999993,0.999987,70.757881,70.1567,197.133331,236.607574,3.0,0.999891,153.382137,133.945606,166.450874,126.37545
Bad,1.176184,29520,1.176184,2,0.999981,1.9e-05,0.0,0.0,0.0,0.0,0.0,0.0,0.0,0.0,0.999981,0.999962,69.584747,92.738899,193.060669,236.085846,3.0,0.997351,164.412373,131.322708,143.346947,123.475922
Bad,1.024446,28396,1.024446,3,0.999997,3e-06,0.0,0.0,0.0,0.0,0.0,0.0,0.0,0.0,0.999997,0.999994,73.356842,81.970154,196.524292,234.394562,3.0,0.998629,158.182358,134.940567,152.424408,123.16745
Bad,1.025153,21715,1.025153,1,1.0,0.0,0.0,0.0,0.0,0.0,0.0,0.0,0.0,0.0,1.0,1.0,77.163872,82.535019,174.449829,164.055954,8.0,0.998838,123.295486,125.80685,81.520935,97.285957
Bad,0.872987,20153,0.872987,3,1.0,0.0,0.0,0.0,0.0,0.0,0.0,0.0,0.0,0.0,1.0,1.0,77.912003,83.405014,173.45488,164.841888,8.0,0.998773,124.123451,125.683441,81.436874,95.542877
Bad,0.888267,20651,0.888267,3,1.0,0.0,0.0,0.0,0.0,0.0,0.0,0.0,0.0,0.0,1.0,1.0,62.291252,38.497307,193.442841,213.702271,3.0,0.999875,126.099789,127.867046,175.204964,131.151588
Bad,0.977254,21199,0.977254,2,1.0,0.0,0.0,0.0,0.0,0.0,0.0,0.0,0.0,0.0,1.0,1.0,74.870834,82.356964,172.083023,161.996719,8.0,0.998837,122.176842,123.476929,79.639755,97.212189
Bad,0.983426,22809,0.983426,2,1.0,0.0,0.0,0.0,0.0,0.0,0.0,0.0,0.0,0.0,1.0,1.0,77.968201,84.747818,173.293076,160.660934,8.0,0.999239,122.704376,125.630638,75.913116,95.324875
Bad,0.975051,21937,0.975051,2,1.0,0.0,0.0,0.0,0.0,0.0,0.0,0.0,0.0,0.0,1.0,1.0,76.740631,82.073425,171.954071,162.793137,8.0,0.998355,122.433281,124.347351,80.719711,95.21344
Bad,0.994293,24960,0.994293,1,1.0,0.0,0.0,0.0,0.0,0.0,0.0,0.0,0.0,0.0,1.0,1.0,82.935524,96.08194,172.370697,164.449738,1.0,0.962458,130.265839,127.653111,68.367798,89.435173
Bad,0.95221,23987,0.95221,2,1.0,0.0,0.0,0.0,0.0,0.0,0.0,0.0,0.0,0.0,1.0,1.0,80.582962,93.81015,165.511368,171.967621,8.0,0.976323,132.888885,123.047165,78.157471,84.928406
Bad,0.957183,21205,0.957183,2,1.0,0.0,0.0,0.0,0.0,0.0,0.0,0.0,0.0,0.0,1.0,1.0,78.63446,94.889313,171.173218,169.183319,1.0,0.804619,132.036316,124.903839,74.294006,92.538757
Bad,0.956993,22277,0.956993,2,1.0,0.0,0.0,0.0,0.0,0.0,0.0,0.0,0.0,0.0,1.0,1.0,80.760269,93.525223,171.600967,164.641861,8.0,0.98886,129.083542,126.180618,71.116638,90.840698
Bad,0.913761,22276,0.913761,1,1.0,0.0,0.0,0.0,0.0,0.0,0.0,0.0,0.0,0.0,1.0,1.0,78.167648,92.722115,171.787796,174.213684,8.0,0.976328,133.467899,124.977722,81.49157,93.620148
Bad,1.066081,25030,1.066081,3,1.0,0.0,0.0,0.0,0.0,0.0,0.0,0.0,0.0,0.0,1.0,1.0,70.344345,61.318748,197.28273,222.957977,3.0,0.997971,142.138363,133.813538,161.639229,126.938385
Bad,1.048216,27344,1.048216,4,1.0,0.0,0.0,0.0,0.0,0.0,0.0,0.0,0.0,0.0,1.0,1.0,65.346024,51.924255,194.351944,226.916962,3.0,0.999971,139.420609,129.848984,174.992706,129.00592
Bad,0.997234,27653,0.997234,2,1.0,0.0,0.0,0.0,0.0,0.0,0.0,0.0,0.0,0.0,1.0,1.0,69.575577,90.333488,189.418777,211.492218,4.0,0.983943,150.912853,129.497177,121.15873,119.843201
Bad,1.042086,27384,1.042086,3,1.0,0.0,0.0,0.0,0.0,0.0,0.0,0.0,0.0,0.0,1.0,1.0,65.343254,50.957565,194.50174,225.852737,3.0,0.999982,138.405151,129.922497,174.895172,129.158485
Bad,1.025751,24750,1.025751,2,1.0,0.0,0.0,0.0,0.0,0.0,0.0,0.0,0.0,0.0,1.0,1.0,66.351364,49.337273,195.517349,226.246185,3.0,0.999964,137.791729,130.934357,176.908913,129.165985
Bad,1.031908,25829,1.031908,2,1.0,0.0,0.0,0.0,0.0,0.0,0.0,0.0,0.0,0.0,1.0,1.0,71.154732,75.916611,191.843933,201.820358,4.0,0.974011,138.868484,131.499332,125.903748,120.689201
Bad,0.979064,25865,0.979064,4,1.0,0.0,0.0,0.0,0.0,0.0,0.0,0.0,0.0,0.0,1.0,1.0,66.356789,48.747177,196.110535,226.540573,3.0,0.999969,137.643875,131.233662,177.793396,129.753746
Bad,1.054688,26545,1.054688,4,1.0,0.0,0.0,0.0,0.0,0.0,0.0,0.0,0.0,0.0,1.0,1.0,64.341072,50.409164,194.082062,227.047653,3.0,0.999978,138.728409,129.211567,176.638489,129.74099
Bad,1.072338,26070,1.072338,4,1.0,0.0,0.0,0.0,0.0,0.0,0.0,0.0,0.0,0.0,1.0,1.0,69.902161,70.465538,193.804108,217.315948,3.0,0.997074,143.890743,131.853134,146.85041,123.901947
Bad,1.052689,23930,1.052689,2,1.0,0.0,0.0,0.0,0.0,0.0,0.0,0.0,0.0,0.0,1.0,1.0,72.324493,78.289658,193.072479,208.47612,4.0,0.992805,143.382889,132.698486,130.186462,120.747986
Bad,1.037554,30593,1.037554,1,1.0,0.0,0.0,0.0,0.0,0.0,0.0,0.0,0.0,0.0,1.0,1.0,76.597504,75.968361,189.923584,205.345459,5.0,0.999747,140.65691,133.260544,129.377098,113.32608
Bad,1.067328,32825,1.067328,3,1.0,0.0,0.0,0.0,0.0,0.0,0.0,0.0,0.0,0.0,1.0,1.0,79.830383,61.821404,187.163849,210.176758,5.0,0.999674,135.999081,133.497116,148.355354,107.333466
Bad,0.993859,30100,0.993859,3,0.999996,4e-06,0.0,0.0,0.0,0.0,0.0,0.0,0.0,0.0,0.999996,0.999993,75.758537,79.577759,188.883392,205.377686,5.0,0.999773,142.477722,132.320965,125.799927,113.124855
Bad,1.079528,34332,1.079528,4,1.0,0.0,0.0,0.0,0.0,0.0,0.0,0.0,0.0,0.0,1.0,1.0,77.14389,81.104912,185.670746,213.789398,5.0,0.999898,147.447155,131.407318,132.684486,108.526855
Bad,1.016132,31017,1.016132,6,1.0,0.0,0.0,0.0,0.0,0.0,0.0,0.0,0.0,0.0,1.0,1.0,76.78717,59.589684,184.978821,203.061218,5.0,0.999824,131.325451,130.882996,143.471535,108.19165
Bad,1.035215,28397,1.035215,2,0.999999,1e-06,0.0,0.0,0.0,0.0,0.0,0.0,0.0,0.0,0.999999,0.999997,75.605667,87.650848,184.911911,217.768707,5.0,0.999916,152.709778,130.258789,130.117859,109.306244
Bad,1.076262,30207,1.076262,2,1.0,0.0,0.0,0.0,0.0,0.0,0.0,0.0,0.0,0.0,1.0,1.0,70.936646,65.028587,184.994629,213.852631,5.0,0.998485,139.440609,127.965637,148.824043,114.057983
Bad,1.000716,29002,1.000716,6,1.0,0.0,0.0,0.0,0.0,0.0,0.0,0.0,0.0,0.0,1.0,1.0,69.893852,66.08065,183.67868,207.002167,5.0,0.999878,136.541409,126.786266,140.921516,113.784828
Bad,1.063438,30804,1.063438,2,1.0,0.0,0.0,0.0,0.0,0.0,0.0,0.0,0.0,0.0,1.0,1.0,76.940849,63.021782,183.658417,209.788727,5.0,0.999654,136.405254,130.299633,146.766945,106.717567
Bad,1.024136,29283,1.024136,2,1.0,0.0,0.0,0.0,0.0,0.0,0.0,0.0,0.0,0.0,1.0,1.0,72.136292,61.12323,185.236725,219.074646,5.0,0.999678,140.098938,128.686508,157.951416,113.100433
Bad,1.069949,30688,1.069949,4,1.0,0.0,0.0,0.0,0.0,0.0,0.0,0.0,0.0,0.0,1.0,1.0,72.239098,64.090927,183.904846,216.580765,5.0,0.999529,140.335846,128.071972,152.489838,111.665749
Bad,1.076329,31480,1.076329,3,1.0,0.0,0.0,0.0,0.0,0.0,0.0,0.0,0.0,0.0,1.0,1.0,76.880928,63.165092,185.151855,211.913361,5.0,0.99951,137.539227,131.016392,148.748268,108.270927
Bad,1.024111,29944,1.024111,2,0.999252,0.000748,0.0,0.0,0.0,0.0,0.0,0.0,0.0,0.0,0.999252,0.998504,71.924896,65.445244,186.776642,212.162079,5.0,0.998592,138.803661,129.350769,146.716835,114.851746
Bad,1.034066,31311,1.034066,6,1.0,0.0,0.0,0.0,0.0,0.0,0.0,0.0,0.0,0.0,1.0,1.0,69.346237,60.617683,183.097488,207.673401,5.0,0.999575,134.145542,126.221863,147.055717,113.751251
Bad,0.990851,32115,0.990851,3,0.999999,1e-06,0.0,0.0,0.0,0.0,0.0,0.0,0.0,0.0,0.999999,0.999999,66.917374,56.647659,184.207642,215.577713,5.0,0.998178,136.112686,125.562508,158.930054,117.290268
Bad,1.022208,29822,1.022208,4,1.0,0.0,0.0,0.0,0.0,0.0,0.0,0.0,0.0,0.0,1.0,1.0,70.671844,56.140495,185.734863,215.031738,5.0,0.99888,135.586117,128.203354,158.891243,115.063019
Bad,1.055464,35307,1.055464,3,1.0,0.0,0.0,0.0,0.0,0.0,0.0,0.0,0.0,0.0,1.0,1.0,66.28331,53.522224,181.631241,215.993317,5.0,0.99881,134.757771,123.957275,162.471092,115.347931
Bad,1.043568,32654,1.043568,3,1.0,0.0,0.0,0.0,0.0,0.0,0.0,0.0,0.0,0.0,1.0,1.0,71.188187,54.643356,185.630051,212.862503,5.0,0.99901,133.75293,128.409119,158.219147,114.441864
Bad,1.019852,31726,1.019852,5,1.0,0.0,0.0,0.0,0.0,0.0,0.0,0.0,0.0,0.0,1.0,1.0,79.452431,48.613121,184.063782,203.283295,5.0,0.996666,125.948208,131.758106,154.670174,104.611351
Bad,1.027882,29777,1.027882,3,0.999999,1e-06,0.0,0.0,0.0,0.0,0.0,0.0,0.0,0.0,0.999999,0.999998,75.731911,81.724709,184.680389,212.605835,5.0,0.999957,147.165272,130.20615,130.881126,108.948479
Bad,0.943837,19673,0.943837,2,1.0,0.0,0.0,0.0,0.0,0.0,0.0,0.0,0.0,0.0,1.0,1.0,68.909027,80.083969,180.283554,190.820541,0.0,0.999649,135.452255,124.596291,110.736572,111.374527
Bad,0.898906,19469,0.898906,6,1.0,0.0,0.0,0.0,0.0,0.0,0.0,0.0,0.0,0.0,1.0,1.0,70.314087,80.769363,182.134354,187.670456,0.0,0.999733,134.21991,126.22422,106.901093,111.820267
Bad,1.005742,21258,1.005742,6,1.0,0.0,0.0,0.0,0.0,0.0,0.0,0.0,0.0,0.0,1.0,1.0,77.993851,94.026779,176.194168,178.267166,1.0,0.976381,136.146973,127.094009,84.240387,98.200317
Bad,1.063914,22689,1.063914,3,1.0,0.0,0.0,0.0,0.0,0.0,0.0,0.0,0.0,0.0,1.0,1.0,87.387604,93.404633,183.835571,175.909821,1.0,0.950837,134.657227,135.611588,82.505188,96.447968
Bad,1.061385,20529,1.061385,6,1.0,0.0,0.0,0.0,0.0,0.0,0.0,0.0,0.0,0.0,1.0,1.0,68.173256,81.923233,180.169647,185.838333,0.0,0.99989,133.880783,124.171452,103.9151,111.996391
Bad,1.055972,25554,1.055972,2,1.0,0.0,0.0,0.0,0.0,0.0,0.0,0.0,0.0,0.0,1.0,1.0,74.49511,89.465683,180.165588,191.221512,0.0,0.999889,140.343597,127.330349,101.755829,105.670479
Bad,1.007815,21835,1.007815,5,1.0,0.0,0.0,0.0,0.0,0.0,0.0,0.0,0.0,0.0,1.0,1.0,69.157715,82.333496,174.421112,188.016602,7.0,0.704883,135.175049,121.789413,105.683105,105.263397
Bad,1.034302,22304,1.034302,5,1.0,0.0,0.0,0.0,0.0,0.0,0.0,0.0,0.0,0.0,1.0,1.0,69.821098,79.82196,178.869354,185.62561,0.0,0.998889,132.723785,124.345226,105.80365,109.048256
Bad,1.033206,23659,1.033206,2,1.0,0.0,0.0,0.0,0.0,0.0,0.0,0.0,0.0,0.0,1.0,1.0,67.402786,71.169525,178.089539,202.669373,7.0,0.994778,136.919449,122.746162,131.499847,110.686752
Bad,1.018003,20022,1.018003,2,1.0,0.0,0.0,0.0,0.0,0.0,0.0,0.0,0.0,0.0,1.0,1.0,68.817612,84.790512,180.4077,185.06813,0.0,0.999872,134.929321,124.612656,100.277618,111.590088
Bad,0.772837,17644,0.772837,1,1.0,0.0,0.0,0.0,0.0,0.0,0.0,0.0,0.0,0.0,1.0,1.0,72.445465,86.617523,181.181427,187.056152,0.0,0.99968,136.836838,126.813446,100.438629,108.735962
Bad,1.06966,23622,1.06966,2,1.0,0.0,0.0,0.0,0.0,0.0,0.0,0.0,0.0,0.0,1.0,1.0,72.021851,86.614944,174.764618,181.40947,0.0,0.996366,134.012207,123.393234,94.794525,102.742767
Bad,1.105348,21348,1.105348,2,1.0,0.0,0.0,0.0,0.0,0.0,0.0,0.0,0.0,0.0,1.0,1.0,70.742432,89.829117,184.662674,186.144699,0.0,0.999785,137.986908,127.702553,96.315582,113.920242
Bad,1.168197,20338,1.168197,4,1.0,0.0,0.0,0.0,0.0,0.0,0.0,0.0,0.0,0.0,1.0,1.0,71.154785,85.668182,179.15538,184.642303,0.0,0.998681,135.155243,125.155083,98.974121,108.000595
Bad,0.966416,24139,0.966416,2,1.0,0.0,0.0,0.0,0.0,0.0,0.0,0.0,0.0,0.0,1.0,1.0,65.576546,51.94532,194.43634,225.50647,3.0,0.999905,138.725895,130.006443,173.56115,128.859795
Bad,1.011657,20843,1.011657,2,1.0,0.0,0.0,0.0,0.0,0.0,0.0,0.0,0.0,0.0,1.0,1.0,69.39566,84.06839,180.067688,187.231049,0.0,0.99997,135.649719,124.731674,103.162659,110.672028
Bad,1.177271,24145,1.177271,2,1.0,0.0,0.0,0.0,0.0,0.0,0.0,0.0,0.0,0.0,1.0,1.0,71.39196,87.37117,178.552643,184.870407,0.0,0.999927,136.120789,124.972301,97.499237,107.160683
Bad,1.072054,21647,1.072054,3,1.0,0.0,0.0,0.0,0.0,0.0,0.0,0.0,0.0,0.0,1.0,1.0,70.715355,90.328766,178.238556,186.890411,0.0,0.999411,138.609589,124.476955,96.561646,107.523201
Bad,1.00393,21735,1.00393,5,1.0,0.0,0.0,0.0,0.0,0.0,0.0,0.0,0.0,0.0,1.0,1.0,68.062958,53.523865,183.224411,183.983078,7.0,0.997657,118.753471,125.643684,130.459213,115.161453
Bad,1.056258,25976,1.056258,4,0.999995,5e-06,0.0,0.0,0.0,0.0,0.0,0.0,0.0,0.0,0.999995,0.999989,80.670532,89.688675,173.440018,176.605911,0.0,0.997393,133.147293,127.055275,86.917236,92.769485
Bad,1.063876,24328,1.063876,2,1.0,0.0,0.0,0.0,0.0,0.0,0.0,0.0,0.0,0.0,1.0,1.0,60.510735,29.51165,192.603638,201.736176,3.0,0.999038,115.623913,126.557186,172.224525,132.092903
Bad,1.037963,22078,1.037963,8,1.0,0.0,0.0,0.0,0.0,0.0,0.0,0.0,0.0,0.0,1.0,1.0,71.764778,89.400154,178.283569,180.328217,0.0,0.997642,134.864185,125.024174,90.928062,106.518791
Bad,1.085875,20224,1.085875,5,1.0,0.0,0.0,0.0,0.0,0.0,0.0,0.0,0.0,0.0,1.0,1.0,71.694016,88.207718,172.700821,177.125381,6.0,0.745901,132.66655,122.197418,88.917664,101.006805
Bad,1.036236,21886,1.036236,3,1.0,0.0,0.0,0.0,0.0,0.0,0.0,0.0,0.0,0.0,1.0,1.0,67.835732,87.056458,172.143341,176.714478,1.0,0.994948,131.885468,119.989536,89.65802,104.30761
Bad,0.950332,24284,0.950332,2,1.0,0.0,0.0,0.0,0.0,0.0,0.0,0.0,0.0,0.0,1.0,1.0,64.938316,53.109863,193.876831,227.781799,3.0,0.999836,140.445831,129.407574,174.671936,128.938515
Bad,1.06021,24281,1.06021,4,1.0,0.0,0.0,0.0,0.0,0.0,0.0,0.0,0.0,0.0,1.0,1.0,67.468964,84.509796,178.635406,185.444733,0.0,0.999929,134.977264,123.052185,100.934937,111.166443
Bad,1.045158,26520,1.045158,5,1.0,0.0,0.0,0.0,0.0,0.0,0.0,0.0,0.0,0.0,1.0,1.0,81.414955,93.062187,170.242493,171.882904,8.0,0.991888,132.472546,125.828724,78.820717,88.827538
Bad,0.943786,21604,0.943786,2,1.0,0.0,0.0,0.0,0.0,0.0,0.0,0.0,0.0,0.0,1.0,1.0,65.277374,49.646736,194.275421,225.830658,3.0,0.999856,137.738697,129.776398,176.183922,128.998047
Bad,1.025898,26167,1.025898,3,1.0,0.0,0.0,0.0,0.0,0.0,0.0,0.0,0.0,0.0,1.0,1.0,76.872429,88.365623,169.60495,173.731049,8.0,0.996834,131.048336,123.238689,85.365425,92.732521
Bad,1.007969,26870,1.007969,5,1.0,0.0,0.0,0.0,0.0,0.0,0.0,0.0,0.0,0.0,1.0,1.0,70.174026,63.651428,196.205521,222.544739,3.0,0.998553,143.098083,133.189774,158.893311,126.031494
Bad,0.957074,25834,0.957074,2,1.0,0.0,0.0,0.0,0.0,0.0,0.0,0.0,0.0,0.0,1.0,1.0,79.9823,92.652969,174.371246,175.096298,8.0,0.990342,133.874634,127.176773,82.443329,94.388947
Bad,1.042676,25405,1.042676,3,1.0,0.0,0.0,0.0,0.0,0.0,0.0,0.0,0.0,0.0,1.0,1.0,75.882751,85.737762,174.291229,173.235199,8.0,0.987117,129.486481,125.08699,87.497437,98.408478
Bad,1.052966,27863,1.052966,3,1.0,0.0,0.0,0.0,0.0,0.0,0.0,0.0,0.0,0.0,1.0,1.0,79.368988,90.594254,166.924423,169.962234,6.0,0.837694,130.278244,123.146706,79.367981,87.555435
Bad,1.071375,25678,1.071375,3,1.0,0.0,0.0,0.0,0.0,0.0,0.0,0.0,0.0,0.0,1.0,1.0,85.606613,65.250404,209.650009,215.65863,3.0,0.996713,140.454517,147.628311,150.408226,124.043396
Bad,0.973283,23471,0.973283,3,1.0,0.0,0.0,0.0,0.0,0.0,0.0,0.0,0.0,0.0,1.0,1.0,78.662689,95.601456,171.71225,174.368729,8.0,0.993992,134.985092,125.187469,78.767273,93.049561
Bad,1.022545,28938,1.022545,2,1.0,0.0,0.0,0.0,0.0,0.0,0.0,0.0,0.0,0.0,1.0,1.0,76.692383,73.761238,203.286713,219.250519,3.0,0.999074,146.505878,139.989548,145.489281,126.59433
