GT_Label,AnomalyScore,RegionArea,MaxVal,RegionCount,Burn-Through,Good,Lack of Fusion,Off Position,Other,Skip-Discontinuity,Splatter,Surface Porosity,Weld Length,CL_ConfMax,CL_ConfMargin,Row1,Col1,Row2,Col2,OD1_ClassID,OD1_Conf,OD1_Cx,OD1_Cy,OD1_W,OD1_H
Good,0.79689,15341,0.79689,24,0.873662,0.071304,0.042374,0.010577,0.00203,3.5e-05,1e-05,7e-06,0.0,0.873662,0.802358,106.683594,86.374802,160.069733,192.227982,1.0,0.772654,139.301392,133.376663,105.85318,53.386139
Good,0.618176,15884,0.618176,19,0.915595,0.061304,0.022137,0.000833,0.000127,3e-06,2e-06,0.0,0.0,0.915595,0.854291,104.877594,88.69442,154.053162,186.390381,1.0,0.808225,137.5424,129.465378,97.695961,49.175568
Good,0.913713,17909,0.913713,9,0.986458,0.012035,0.001398,5.8e-05,4.8e-05,1e-06,1e-06,1e-06,0.0,0.986458,0.974424,104.228355,86.576874,157.411331,197.086945,1.0,0.804111,141.831909,130.819843,110.510071,53.182976
Good,0.828361,19223,0.828361,7,0.998324,0.001637,2.1e-05,1.6e-05,2e-06,0.0,0.0,0.0,0.0,0.998324,0.996687,103.4981,85.825668,161.561264,186.241409,1.0,0.821807,136.033539,132.529682,100.415741,58.063164
Good,0.740936,17392,0.740936,7,0.985892,0.011459,0.002145,0.000401,0.000102,0.0,0.0,0.0,0.0,0.985892,0.974433,101.003357,90.067566,161.356567,187.572327,1.0,0.88639,138.819946,131.179962,97.504761,60.35321
Good,0.973129,18635,0.973129,10,0.9941,0.002367,0.00215,0.001179,0.000184,1.8e-05,2e-06,0.0,0.0,0.9941,0.991733,106.121628,86.528412,162.487442,183.97229,1.0,0.868098,135.250351,134.304535,97.443878,56.365814
Good,0.94873,22294,0.94873,5,0.686258,0.281035,0.011793,0.011084,0.007849,0.00198,1e-06,0.0,0.0,0.686258,0.405223,105.519753,85.16864,162.002075,183.144592,1.0,0.922513,134.156616,133.760914,97.975952,56.482323
Good,0.745144,17052,0.745144,11,0.933306,0.064698,0.001651,0.000257,8.1e-05,6e-06,0.0,0.0,0.0,0.933306,0.868608,106.016769,87.617554,162.070084,186.893127,1.0,0.899779,137.255341,134.043427,99.275574,56.053314
Good,0.83967,17566,0.83967,10,0.995275,0.003078,0.001023,0.000446,0.00016,1.4e-05,3e-06,0.0,0.0,0.995275,0.992198,104.908081,88.379089,161.197205,186.662262,1.0,0.738648,137.520676,133.052643,98.283173,56.289124
Good,0.693352,15485,0.693352,16,0.739741,0.179095,0.074503,0.004501,0.001553,0.0006,4e-06,2e-06,0.0,0.739741,0.560646,106.044792,87.413071,161.94046,184.986282,1.0,0.900687,136.199677,133.992626,97.573212,55.895668
Good,0.800061,14758,0.800061,9,0.997945,0.001043,0.000499,0.000414,8.9e-05,7e-06,3e-06,0.0,0.0,0.997945,0.996902,106.688095,89.566101,162.593246,186.35675,1.0,0.898925,137.961426,134.640671,96.790649,55.905151
Good,0.635108,13084,0.635108,24,0.786031,0.195086,0.015266,0.002685,0.000818,0.000108,5e-06,1e-06,0.0,0.786031,0.590944,106.690186,88.63002,161.516815,186.844193,1.0,0.769753,137.737106,134.1035,98.214172,54.82663
Good,0.838162,13942,0.838162,14,0.997292,0.00137,0.000852,0.000443,2.9e-05,1.4e-05,2e-06,0.0,0.0,0.997292,0.995922,106.112152,87.947456,160.725861,187.998535,1.0,0.841275,137.972996,133.419006,100.051079,54.613708
Good,0.722431,14257,0.722431,9,0.996289,0.001899,0.001209,0.000381,0.000222,0.0,0.0,0.0,0.0,0.996289,0.99439,107.42749,88.553833,161.751129,187.957153,1.0,0.738282,138.255493,134.58931,99.40332,54.323639
Good,0.780317,20114,0.780317,12,0.997645,0.001977,0.000345,1.6e-05,1.1e-05,5e-06,0.0,0.0,0.0,0.997645,0.995668,102.805809,89.167664,161.209564,184.976868,1.0,0.885992,137.072266,132.007687,95.809204,58.403755
Good,0.793761,15146,0.793761,9,0.821117,0.15274,0.015011,0.006392,0.004135,0.000586,1.4e-05,5e-06,0.0,0.821117,0.668376,100.375488,84.225365,159.526031,189.843811,1.0,0.902943,137.034588,129.95076,105.618446,59.150543
Good,0.864058,15987,0.864058,6,0.793751,0.196184,0.009059,0.000885,0.000101,9e-06,6e-06,6e-06,0.0,0.793751,0.597566,100.87915,84.063339,160.230896,186.131699,1.0,0.872014,135.097519,130.555023,102.068359,59.351746
Good,0.581371,17141,0.581371,14,0.969859,0.016768,0.012966,0.000297,9.7e-05,7e-06,6e-06,1e-06,0.0,0.969859,0.953091,105.266769,87.882629,160.373886,186.461487,1.0,0.894637,137.172058,132.820328,98.578857,55.107117
Good,0.834019,16208,0.834019,9,0.835696,0.096456,0.064488,0.002752,0.000585,2e-05,4e-06,0.0,0.0,0.835696,0.73924,101.419922,93.15551,161.1315,191.116455,1.0,0.82978,142.135983,131.275711,97.960945,59.711578
Good,0.819427,15547,0.819427,8,0.997403,0.001185,0.001061,0.000217,0.00012,9e-06,5e-06,0.0,0.0,0.997403,0.996219,106.895508,89.303452,162.403931,186.809616,1.0,0.867738,138.056534,134.649719,97.506165,55.508423
Good,0.840632,17477,0.840632,16,0.812181,0.129695,0.054631,0.002885,0.000589,1.6e-05,2e-06,1e-06,0.0,0.812181,0.682486,107.395264,90.361954,162.355927,188.298843,1.0,0.9139,139.330399,134.875595,97.93689,54.960663
Good,0.860054,18249,0.860054,13,0.997962,0.00167,0.000292,5.5e-05,1.8e-05,2e-06,0.0,0.0,0.0,0.997962,0.996292,104.505188,89.351601,161.264465,188.476898,1.0,0.872975,138.914249,132.884827,99.125298,56.759277
Good,0.800792,17564,0.800792,6,0.829547,0.167874,0.00207,0.000361,0.000147,1e-06,0.0,0.0,0.0,0.829547,0.661673,107.180702,91.35112,162.5961,190.760635,1.0,0.94022,141.055878,134.888401,99.409515,55.415398
Good,0.768239,17313,0.768239,7,0.992912,0.002683,0.002631,0.001663,9.8e-05,8e-06,4e-06,0.0,0.0,0.992912,0.990229,108.015602,89.950211,163.097672,189.25267,1.0,0.86735,139.60144,135.556637,99.30246,55.082069
Good,0.952371,19380,0.952371,16,0.955404,0.027672,0.009312,0.00734,0.000202,6.4e-05,5e-06,1e-06,0.0,0.955404,0.927732,104.628387,88.591324,161.658936,185.028122,1.0,0.902169,136.809723,133.143661,96.436798,57.030548
Good,0.79445,20007,0.79445,9,0.997153,0.001864,0.000884,6.2e-05,3.5e-05,1e-06,0.0,0.0,0.0,0.997153,0.995289,107.308395,89.500931,163.190292,186.922806,1.0,0.932605,138.211868,135.249344,97.421875,55.881897
Good,0.76278,18000,0.76278,10,0.94562,0.044046,0.007082,0.002421,0.000754,6.1e-05,1.6e-05,1e-06,0.0,0.94562,0.901574,103.338417,94.415695,161.536575,192.515091,1.0,0.742997,143.465393,132.437496,98.099396,58.198158
Good,0.864722,18806,0.864722,9,0.972642,0.020198,0.006901,0.0002,5.7e-05,2e-06,0.0,0.0,0.0,0.972642,0.952444,101.23468,91.87822,162.360931,189.017319,1.0,0.789862,140.447769,131.797806,97.139099,61.126251
Good,0.86791,15030,0.86791,13,0.980574,0.017428,0.001402,0.000503,8.4e-05,6e-06,1e-06,0.0,0.0,0.980574,0.963146,101.104904,91.41774,161.092178,187.806808,1.0,0.876105,139.612274,131.098541,96.389069,59.987274
Good,0.628103,12126,0.628103,14,0.894705,0.084072,0.011668,0.008705,0.00062,0.000213,1.6e-05,0.0,0.0,0.894705,0.810633,105.535156,89.403824,160.623657,187.589523,1.0,0.859585,138.496674,133.079407,98.185699,55.088501
Good,0.582708,11626,0.582708,3,0.967579,0.024941,0.006633,0.000616,0.000212,1.8e-05,0.0,0.0,0.0,0.967579,0.942638,103.861946,74.846695,161.454712,209.811935,1.0,0.960251,142.329315,132.658329,134.96524,57.592766
Good,0.610141,13544,0.610141,13,0.950406,0.023441,0.023006,0.00226,0.000845,3.7e-05,4e-06,0.0,0.0,0.950406,0.926966,0.0,0.0,0.0,0.0,0.0,0.0,0.0,0.0,0.0,0.0
Good,1.846372,63535,1.846372,1,0.940017,0.052387,0.004962,0.001946,0.00059,9.3e-05,2e-06,1e-06,1e-06,0.940017,0.88763,0.0,0.0,0.0,0.0,0.0,0.0,0.0,0.0,0.0,0.0
Good,0.66442,16615,0.66442,7,0.501128,0.246696,0.134329,0.082804,0.034305,0.000694,4.3e-05,2e-06,0.0,0.501128,0.254432,102.010658,76.852104,157.679794,200.476288,1.0,0.942694,138.664196,129.845226,123.624184,55.669136
Good,0.541709,14385,0.541709,5,0.524923,0.28793,0.164644,0.012252,0.008171,0.002027,5.2e-05,1e-06,0.0,0.524923,0.236993,103.673203,71.107513,161.114517,207.131134,1.0,0.98499,139.119324,132.39386,136.023621,57.441315
Good,0.545158,15055,0.545158,14,0.929714,0.047296,0.022459,0.000397,5.6e-05,4.3e-05,2.9e-05,6e-06,0.0,0.929714,0.882418,102.760063,70.869621,160.655243,206.279785,1.0,0.986216,138.574703,131.707653,135.410164,57.89518
Good,0.604921,13616,0.604921,12,0.746589,0.23728,0.012376,0.00364,6.2e-05,2.7e-05,2.4e-05,1e-06,0.0,0.746589,0.509309,100.887947,72.049156,157.09021,206.119598,1.0,0.947148,139.084377,128.989079,134.070442,56.202263
Good,0.616191,11242,0.616191,14,0.786167,0.138083,0.056441,0.018715,0.000582,9e-06,2e-06,0.0,0.0,0.786167,0.648084,102.206985,71.82753,159.486832,206.057419,1.0,0.966994,138.942474,130.846909,134.229889,57.279846
Good,0.526055,13656,0.526055,10,0.682383,0.158676,0.092445,0.054283,0.011285,0.000604,0.000318,7e-06,0.0,0.682383,0.523706,105.694809,65.998184,162.153397,200.77449,1.0,0.987906,133.386337,133.924103,134.776306,56.458588
Good,0.584793,12602,0.584793,8,0.61613,0.257348,0.054738,0.050263,0.021403,7.3e-05,2.4e-05,2.1e-05,0.0,0.61613,0.358782,103.615372,69.263596,161.285172,208.531876,1.0,0.981281,138.897736,132.450272,139.26828,57.6698
Good,0.595447,10588,0.595447,15,0.719627,0.130903,0.112301,0.032645,0.003959,0.000433,0.000102,3.1e-05,0.0,0.719627,0.588723,104.514206,70.194778,161.859482,207.898148,1.0,0.970974,139.046463,133.186844,137.703369,57.345276
Good,1.656484,15043,1.656484,7,0.509952,0.2646,0.18937,0.031742,0.002664,0.001671,1e-06,0.0,0.0,0.509952,0.245351,103.266708,65.819641,161.654404,203.908813,1.0,0.955578,134.864227,132.460556,138.089172,58.387695
Good,0.581805,10153,0.581805,23,0.772034,0.118619,0.075589,0.033155,0.000476,0.000116,1.1e-05,0.0,0.0,0.772034,0.653414,103.634605,69.866753,161.514404,207.109283,1.0,0.978071,138.488018,132.574505,137.242531,57.879799
Good,0.569096,15940,0.569096,6,0.429735,0.33934,0.204561,0.022554,0.003033,0.000728,4.8e-05,2e-06,0.0,0.429735,0.090395,103.57769,70.083481,161.545517,208.051224,1.0,0.976958,139.067352,132.561604,137.967743,57.967827
Good,0.574359,14801,0.574359,4,0.70575,0.14963,0.098788,0.023324,0.021623,0.000522,0.00031,5.3e-05,0.0,0.70575,0.556121,103.153763,69.570389,161.254074,207.484238,1.0,0.982793,138.527313,132.203918,137.913849,58.100311
Good,0.513917,13165,0.513917,9,0.820502,0.124296,0.038341,0.011042,0.0043,0.001247,0.00025,2e-05,0.0,0.820502,0.696206,103.614838,72.951042,161.353088,209.739899,1.0,0.961536,141.34547,132.483963,136.788857,57.738251
Good,0.533285,12903,0.533285,21,0.658846,0.224244,0.111811,0.003246,0.001573,0.000271,9e-06,0.0,0.0,0.658846,0.434602,103.285027,71.137886,161.228683,208.16156,1.0,0.976539,139.649723,132.256855,137.023674,57.943657
Good,0.963713,14708,0.963713,11,0.542127,0.230826,0.181492,0.029643,0.010129,0.002993,0.002778,1.2e-05,0.0,0.542127,0.3113,102.413139,71.717842,160.148849,206.878662,1.0,0.979001,139.298252,131.280994,135.16082,57.73571
Good,0.809621,16276,0.809621,8,0.925016,0.065861,0.004075,0.003849,0.001184,1.3e-05,2e-06,0.0,0.0,0.925016,0.859155,103.219643,71.434334,161.152267,207.336182,1.0,0.992035,139.385258,132.185955,135.901848,57.932625
Good,0.669498,10854,0.669498,9,0.667752,0.143494,0.140092,0.045059,0.003538,4.5e-05,1.7e-05,4e-06,0.0,0.667752,0.524258,0.0,0.0,0.0,0.0,0.0,0.0,0.0,0.0,0.0,0.0
Good,0.527753,11502,0.527753,16,0.986762,0.004975,0.004289,0.003194,0.000693,7.9e-05,7e-06,0.0,0.0,0.986762,0.981787,102.660713,71.37426,160.850906,208.843719,1.0,0.953877,140.10899,131.75581,137.46946,58.190193
Good,0.479201,11635,0.479201,12,0.972512,0.022189,0.00249,0.001882,0.000865,4.4e-05,1.7e-05,0.0,0.0,0.972512,0.950322,102.705818,71.915344,160.159943,207.08075,1.0,0.969482,139.498047,131.43288,135.165405,57.454124
Good,0.556564,14235,0.556564,12,0.475251,0.349521,0.113415,0.058773,0.00272,0.000205,9.1e-05,2.4e-05,0.0,0.475251,0.12573,103.405922,69.943741,161.377289,206.529648,1.0,0.981449,138.236694,132.391605,136.585907,57.971367
Good,1.235285,20142,1.235285,9,0.775338,0.214123,0.007301,0.002975,0.000154,9.6e-05,9e-06,2e-06,0.0,0.775338,0.561215,91.442406,79.253769,148.097977,200.867111,1.0,0.891679,140.06044,119.770191,121.613342,56.655571
Good,1.215927,19979,1.215927,11,0.614547,0.370074,0.011012,0.004043,0.000163,0.000144,1.4e-05,3e-06,0.0,0.614547,0.244473,91.621735,79.375893,148.250031,200.815247,1.0,0.894027,140.09557,119.935883,121.439354,56.628296
Good,0.632692,18401,0.632692,8,0.689786,0.137244,0.084725,0.067505,0.020442,0.000235,6.3e-05,2e-06,0.0,0.689786,0.552543,99.769485,73.503349,154.055878,207.487823,1.0,0.946612,140.495586,126.912682,133.984474,54.286392
Good,0.576871,10337,0.576871,12,0.660617,0.213515,0.09821,0.024263,0.002974,0.00041,1e-05,1e-06,0.0,0.660617,0.447102,102.574837,72.364677,160.483307,209.650177,1.0,0.980376,141.007427,131.529072,137.2855,57.90847
Good,0.874765,18239,0.874765,5,0.62594,0.186708,0.159647,0.027322,0.00018,8.4e-05,6.4e-05,5.5e-05,0.0,0.62594,0.439231,105.227455,85.551689,160.890823,186.304871,1.0,0.947094,135.92828,133.059139,100.753181,55.663368
Good,0.846814,16325,0.846814,7,0.865703,0.102639,0.021788,0.009769,7.5e-05,1.5e-05,9e-06,1e-06,0.0,0.865703,0.763064,106.781227,86.437202,161.912781,188.720001,1.0,0.938727,137.578602,134.347004,102.282799,55.131554
Good,0.881699,18958,0.881699,6,0.740085,0.202396,0.038016,0.019434,3.7e-05,1.6e-05,1.4e-05,2e-06,0.0,0.740085,0.537689,106.642456,83.935699,160.589172,187.763397,1.0,0.952427,135.849548,133.615814,103.827698,53.946716
Good,0.787723,17878,0.787723,6,0.878211,0.069829,0.044994,0.006095,0.000763,9.6e-05,7e-06,4e-06,0.0,0.878211,0.808382,106.049042,83.410873,160.77298,186.458786,1.0,0.871258,134.93483,133.411011,103.047913,54.723938
Good,0.831301,18107,0.831301,10,0.525651,0.337745,0.103362,0.032629,0.00024,0.000169,0.000124,7.9e-05,0.0,0.525651,0.187905,106.106216,87.10376,159.837357,191.003235,1.0,0.929003,139.053497,132.971786,103.899475,53.73114
Good,0.983295,20531,0.983295,12,0.997277,0.002311,0.000215,0.000125,3.4e-05,3.3e-05,5e-06,0.0,0.0,0.997277,0.994966,104.16008,84.186409,159.752914,185.604858,7.0,0.566885,134.895634,131.956497,101.418449,55.592834
Good,0.865165,19241,0.865165,5,0.952667,0.04553,0.001338,0.000447,1.6e-05,2e-06,1e-06,0.0,0.0,0.952667,0.907137,107.041656,85.483459,161.790527,187.492554,1.0,0.913745,136.488007,134.416092,102.009094,54.748871
Good,0.731098,16729,0.731098,6,0.530437,0.287509,0.168698,0.012258,0.000531,0.000475,5.2e-05,4e-05,0.0,0.530437,0.242928,105.594452,86.182953,160.962952,189.882813,1.0,0.930519,138.032883,133.278702,103.69986,55.3685
Good,0.97022,1926,0.97022,3,0.864069,0.135647,0.000122,0.000112,4.9e-05,1e-06,0.0,0.0,0.0,0.864069,0.728422,117.851242,90.833267,165.64534,189.286453,1.0,0.520088,140.05986,141.748291,98.453186,47.794098
Good,0.914225,21210,0.914225,8,0.587646,0.359638,0.044638,0.004491,0.003501,7e-05,1.5e-05,1e-06,0.0,0.587646,0.228008,107.380028,88.77903,161.774628,187.963501,1.0,0.977832,138.371265,134.577328,99.184471,54.3946
Good,0.835925,16071,0.835925,9,0.947039,0.031771,0.017124,0.003292,0.000734,2.7e-05,9e-06,3e-06,0.0,0.947039,0.915268,119.94957,86.647919,168.044632,189.462219,1.0,0.678433,138.055069,143.997101,102.814301,48.095062
Good,0.754872,19622,0.754872,5,0.663401,0.321898,0.013399,0.000777,0.00046,4.9e-05,1.5e-05,0.0,0.0,0.663401,0.341503,108.935974,90.358978,164.200531,189.822784,1.0,0.947654,140.090881,136.568253,99.463806,55.264557
Good,0.68722,15087,0.68722,13,0.907282,0.087907,0.003119,0.001313,0.000363,1.2e-05,4e-06,1e-06,0.0,0.907282,0.819374,114.948265,89.25148,161.401337,194.820541,1.0,0.934724,142.036011,138.174801,105.569061,46.453072
Good,1.108036,17230,1.108036,11,0.986978,0.012201,0.000547,0.000189,5.3e-05,2.9e-05,3e-06,0.0,0.0,0.986978,0.974777,113.504677,93.620911,165.082855,187.103882,1.0,0.996826,140.362396,139.293766,93.482971,51.578178
Good,0.933208,16951,0.933208,12,0.899304,0.06702,0.033106,0.000383,0.000125,5.8e-05,3e-06,2e-06,0.0,0.899304,0.832284,116.593803,90.502258,164.926605,190.916718,1.0,0.970294,140.709488,140.760204,100.414459,48.332802
Good,0.837042,16947,0.837042,10,0.87755,0.117973,0.002574,0.001727,0.000164,8e-06,3e-06,0.0,0.0,0.87755,0.759577,109.66217,84.238541,158.19696,186.838333,1.0,0.970063,135.538437,133.929565,102.599792,48.53479
Good,0.908733,16864,0.908733,11,0.998411,0.001228,0.000344,1e-05,5e-06,1e-06,1e-06,0.0,0.0,0.998411,0.997183,118.506416,84.551926,165.349457,185.67482,1.0,0.891906,135.113373,141.927937,101.122894,46.84304
Good,0.795098,18451,0.795098,10,0.881776,0.116537,0.001325,0.000241,0.000116,2e-06,2e-06,0.0,0.0,0.881776,0.765239,107.81942,80.928802,156.248352,181.45929,1.0,0.976776,131.194046,132.033886,100.530487,48.428932
Good,0.843497,19674,0.843497,6,0.987709,0.009568,0.002594,0.000117,9e-06,2e-06,1e-06,0.0,0.0,0.987709,0.978141,107.362885,74.567535,156.32486,174.2202,1.0,0.997722,124.393867,131.843872,99.652664,48.961975
Good,0.894544,19693,0.894544,9,0.996682,0.002597,0.000695,2.4e-05,2e-06,0.0,0.0,0.0,0.0,0.996682,0.994086,105.413567,83.468872,159.901855,183.516724,1.0,0.974501,133.492798,132.657711,100.047852,54.488289
Good,0.949959,17456,0.949959,12,0.995514,0.004363,0.000113,9e-06,0.0,0.0,0.0,0.0,0.0,0.995514,0.991151,106.612549,82.762398,161.371002,183.395538,1.0,0.944543,133.078968,133.991776,100.633141,54.758453
Good,0.790008,17185,0.790008,11,0.92894,0.069702,0.000924,0.000326,7.4e-05,1.8e-05,1.6e-05,0.0,0.0,0.92894,0.859238,110.421379,84.690201,156.762024,187.656601,1.0,0.965675,136.173401,133.591702,102.9664,46.340645
Good,0.783881,18145,0.783881,15,0.977243,0.021767,0.000794,9.8e-05,8.8e-05,5e-06,4e-06,1e-06,0.0,0.977243,0.955477,105.920692,83.599548,160.00206,183.207458,1.0,0.974005,133.403503,132.961376,99.60791,54.081367
Good,0.7575,21798,0.7575,6,0.859934,0.133171,0.006492,0.000352,3.6e-05,7e-06,4e-06,4e-06,0.0,0.859934,0.726763,106.141411,84.448433,160.80423,186.300598,1.0,0.964478,135.374516,133.47282,101.852165,54.662819
Good,1.261023,18176,1.261023,11,0.999751,0.000201,3.2e-05,8e-06,5e-06,2e-06,1e-06,0.0,0.0,0.999751,0.999551,107.055618,83.976173,159.722366,187.240692,1.0,0.967292,135.608433,133.388992,103.264519,52.666748
Good,0.865533,20494,0.865533,12,0.976911,0.022494,0.000291,0.00014,8.4e-05,5.1e-05,2.9e-05,0.0,0.0,0.976911,0.954417,106.233429,82.025635,160.331818,183.999573,1.0,0.964147,133.012604,133.282623,101.973938,54.098389
Good,0.969934,18394,0.969934,12,0.68458,0.313026,0.000981,0.00096,0.000401,3.7e-05,1.5e-05,1e-06,0.0,0.68458,0.371554,105.286415,84.947159,160.685471,186.453476,1.0,0.949764,135.700317,132.985943,101.506317,55.399055
Good,0.78951,18015,0.78951,11,0.912389,0.044398,0.023718,0.019094,0.000383,1.2e-05,4e-06,2e-06,0.0,0.912389,0.867991,107.237358,77.528076,157.171082,188.794769,1.0,0.919823,133.161423,132.20422,111.266693,49.933723
Good,0.631075,14848,0.631075,5,0.984139,0.015568,0.000196,7.6e-05,2.1e-05,1e-06,0.0,0.0,0.0,0.984139,0.968572,107.524277,77.575897,158.743118,187.631622,1.0,0.89911,132.60376,133.133698,110.055725,51.218842
Good,0.814331,16723,0.814331,7,0.997405,0.002237,0.000351,4e-06,2e-06,1e-06,0.0,0.0,0.0,0.997405,0.995168,107.766487,77.66069,158.268127,189.633835,1.0,0.886307,133.647263,133.017307,111.973145,50.50164
Good,0.767098,18906,0.767098,11,0.99868,0.000741,0.000336,0.000189,2.7e-05,1.2e-05,1e-05,5e-06,0.0,0.99868,0.997939,106.124336,82.833694,161.249939,182.180069,1.0,0.959597,132.506882,133.687138,99.346375,55.125603
Good,0.896959,17784,0.896959,14,0.995729,0.004149,9.5e-05,1.1e-05,6e-06,6e-06,3e-06,0.0,0.0,0.995729,0.991579,105.220322,84.408783,161.061356,184.958923,1.0,0.971893,134.683853,133.140839,100.55014,55.841034
Good,0.910266,19999,0.910266,3,0.996379,0.003174,0.000419,2.1e-05,6e-06,1e-06,0.0,0.0,0.0,0.996379,0.993205,107.471382,89.888382,153.289795,195.110703,1.0,0.949545,142.499542,130.380589,105.222321,45.818413
Good,0.980457,16373,0.980457,11,0.99956,0.000367,5.8e-05,5e-06,5e-06,5e-06,0.0,0.0,0.0,0.99956,0.999193,104.136086,88.702179,157.622421,190.251678,1.0,0.915031,139.476929,130.879253,101.5495,53.486336
Good,0.960417,16297,0.960417,11,0.999401,0.000475,6.2e-05,5.9e-05,2e-06,0.0,0.0,0.0,0.0,0.999401,0.998926,105.4692,86.556915,160.439758,188.296661,1.0,0.878881,137.426788,132.954479,101.739746,54.970558
Good,0.985927,16560,0.985927,13,0.999426,0.00043,0.000116,1.9e-05,5e-06,4e-06,1e-06,0.0,0.0,0.999426,0.998995,105.045731,89.092697,159.012711,191.352615,1.0,0.938964,140.222656,132.029221,102.259918,53.96698
Good,1.059544,18624,1.059544,10,0.998502,0.001432,4.3e-05,1.7e-05,5e-06,1e-06,0.0,0.0,0.0,0.998502,0.99707,105.823654,87.555084,160.446701,189.81842,1.0,0.974736,138.686752,133.135178,102.263336,54.623047
Good,0.765453,15997,0.765453,11,0.973966,0.017926,0.007194,0.000839,3.4e-05,2.3e-05,1.8e-05,0.0,0.0,0.973966,0.95604,106.166489,84.091545,160.294632,186.27121,1.0,0.96198,135.181377,133.23056,102.179665,54.128143
Good,0.93332,16312,0.93332,12,0.958505,0.026087,0.014569,0.000786,4.5e-05,7e-06,0.0,0.0,0.0,0.958505,0.932418,109.894531,88.561066,156.6138,189.325867,1.0,0.994877,138.943466,133.254166,100.764801,46.719269
Good,0.963252,18799,0.963252,9,0.942905,0.053308,0.002302,0.000958,0.000503,2.1e-05,3e-06,0.0,0.0,0.942905,0.889597,106.060226,87.06234,154.018082,175.753632,1.0,0.999583,131.407986,130.039154,88.691292,47.957855
Good,0.79316,19066,0.79316,10,0.925379,0.072368,0.001058,0.000964,0.000215,1.4e-05,2e-06,0.0,0.0,0.925379,0.853011,106.070236,87.053261,154.066849,175.625397,1.0,0.999575,131.339329,130.068542,88.572136,47.996613
Good,0.821828,17415,0.821828,9,0.993933,0.003868,0.002011,0.000183,3e-06,1e-06,1e-06,1e-06,0.0,0.993933,0.990065,106.448166,94.069901,153.485672,188.174149,1.0,0.992707,141.122025,129.966919,94.104248,47.037506
Good,0.962504,19508,0.962504,6,0.969441,0.030481,4e-05,2e-05,1.4e-05,2e-06,1e-06,0.0,0.0,0.969441,0.938961,111.142677,87.670746,155.806381,185.867493,1.0,0.891048,136.769119,133.474529,98.196747,44.663704
Good,0.910137,19543,0.910137,11,0.98647,0.006753,0.00665,8.8e-05,3.1e-05,4e-06,4e-06,0.0,0.0,0.98647,0.979717,106.18924,93.515747,155.443176,183.821991,1.0,0.971677,138.668869,130.816208,90.306244,49.253937
Good,0.994329,18941,0.994329,7,0.988391,0.009915,0.000881,0.000781,2.8e-05,3e-06,0.0,0.0,0.0,0.988391,0.978477,106.548264,87.045807,161.095535,189.654022,1.0,0.946911,138.349915,133.821899,102.608215,54.547272
Good,0.970569,20674,0.970569,7,0.984228,0.015579,0.000134,4.9e-05,6e-06,3e-06,1e-06,0.0,0.0,0.984228,0.968649,95.365334,86.499084,150.141449,202.21225,1.0,0.645031,144.355667,122.753391,115.713165,54.776115
Good,1.234355,21567,1.234355,11,0.963803,0.027436,0.005519,0.003008,0.000221,1e-05,2e-06,1e-06,0.0,0.963803,0.936367,116.025917,82.051788,166.47876,179.824158,1.0,0.998533,130.937973,141.252338,97.772369,50.452843
Good,0.647658,12833,0.647658,8,0.445431,0.37148,0.182988,7.2e-05,1.8e-05,8e-06,3e-06,0.0,0.0,0.445431,0.073951,118.067307,89.648178,169.743729,190.191574,1.0,0.779656,139.919876,143.905518,100.543396,51.676422
Good,0.878531,17547,0.878531,10,0.910075,0.072291,0.01147,0.005784,0.000352,1.6e-05,1.1e-05,1e-06,0.0,0.910075,0.837784,113.643806,90.649651,163.109955,189.825623,1.0,0.958749,140.237637,138.376881,99.175972,49.466148
Good,0.763704,19404,0.763704,9,0.935394,0.058097,0.003454,0.002112,0.000921,9e-06,9e-06,4e-06,0.0,0.935394,0.877297,113.875496,87.980286,163.451691,187.615845,1.0,0.915018,137.798065,138.663593,99.635559,49.576195
Good,0.792662,20017,0.792662,7,0.994384,0.005133,0.000385,6.1e-05,2.6e-05,8e-06,2e-06,0.0,0.0,0.994384,0.989251,107.151497,85.158035,161.796173,187.977402,1.0,0.964096,136.567719,134.473835,102.819366,54.644676
Good,0.936897,23225,0.936897,12,0.777443,0.065414,0.058516,0.032902,0.032726,0.029167,0.00383,3e-06,0.0,0.777443,0.712029,65.793854,79.96785,162.87352,174.71077,1.0,0.614618,127.33931,114.333687,94.74292,97.079666
Good,1.173065,24511,1.173065,8,0.636632,0.323637,0.017744,0.012508,0.00796,0.001316,0.000179,2.5e-05,0.0,0.636632,0.312995,70.941315,83.161537,167.836731,178.567047,1.0,0.678834,130.864292,119.389023,95.40551,96.895416
Good,1.062584,20740,1.062584,13,0.991679,0.003411,0.001214,0.001079,0.000931,0.000914,0.000754,1.8e-05,0.0,0.991679,0.988268,72.403671,86.715225,168.174393,179.67012,1.0,0.718285,133.192673,120.289032,92.954895,95.770721
Good,1.289037,23757,1.289037,8,0.827883,0.144322,0.009762,0.008358,0.006709,0.001969,0.000824,0.000174,0.0,0.827883,0.683562,0.0,0.0,0.0,0.0,0.0,0.0,0.0,0.0,0.0,0.0
Good,1.038902,24055,1.038902,8,0.982014,0.008678,0.004436,0.003383,0.00131,0.000173,5e-06,0.0,0.0,0.982014,0.973335,0.0,0.0,0.0,0.0,0.0,0.0,0.0,0.0,0.0,0.0
Good,1.007867,23207,1.007867,6,0.488436,0.268318,0.113977,0.083347,0.020199,0.018091,0.007613,2e-05,0.0,0.488436,0.220117,0.0,0.0,0.0,0.0,0.0,0.0,0.0,0.0,0.0,0.0
Good,1.174851,23602,1.174851,4,0.788609,0.152671,0.045651,0.005504,0.004091,0.002288,0.001156,3e-05,0.0,0.788609,0.635939,67.679764,76.759018,162.36937,175.097168,7.0,0.652112,125.928093,115.024567,98.33815,94.689606
Good,1.02264,25860,1.02264,5,0.94103,0.039388,0.014074,0.003124,0.000938,0.000925,0.000518,2e-06,0.0,0.94103,0.901642,74.545052,73.831978,170.653687,163.78299,1.0,0.818412,118.807484,122.599369,89.951012,96.108635
Good,1.084769,20429,1.084769,12,0.599929,0.226866,0.122205,0.041529,0.007556,0.001117,0.000647,0.000151,0.0,0.599929,0.373064,67.649216,73.949509,163.435593,170.098267,1.0,0.731719,122.023888,115.542404,96.148758,95.786377
Good,0.851462,21256,0.851462,5,0.788325,0.186455,0.019936,0.003227,0.001436,0.000582,2.5e-05,1.4e-05,0.0,0.788325,0.60187,73.912003,75.20089,163.116913,178.747284,7.0,0.702996,126.974087,118.514458,103.546394,89.20491
Good,0.967185,22152,0.967185,9,0.939689,0.039524,0.018836,0.001263,0.000297,0.000245,0.000146,0.0,0.0,0.939689,0.900165,69.278549,77.495331,166.912766,173.330612,1.0,0.653983,125.412971,118.095657,95.835281,97.634216
Good,1.00887,20666,1.00887,8,0.616706,0.275571,0.072999,0.032082,0.001717,0.000497,0.000237,0.000192,0.0,0.616706,0.341135,72.036926,77.844963,166.879028,170.969757,1.0,0.593417,124.40736,119.457977,93.124794,94.842102
Good,0.881234,20558,0.881234,11,0.81068,0.095724,0.084502,0.004727,0.003884,0.00034,0.000136,7e-06,0.0,0.81068,0.714956,69.693375,78.955551,167.150055,173.425018,1.0,0.858622,126.190285,118.421715,94.469467,97.45668
Good,1.04667,23457,1.04667,8,0.829248,0.085339,0.070085,0.010797,0.001877,0.001351,0.001302,1e-06,0.0,0.829248,0.743909,66.952904,75.723953,161.598206,173.905029,7.0,0.867588,124.814491,114.275555,98.181076,94.645302
Good,1.264307,20866,1.264307,5,0.940085,0.021188,0.016073,0.011813,0.006631,0.002183,0.001167,0.00086,0.0,0.940085,0.918897,67.75293,76.217392,163.236252,172.641983,1.0,0.675362,124.429688,115.494591,96.424591,95.483322
Good,1.093469,23179,1.093469,9,0.51996,0.330729,0.051567,0.050258,0.045022,0.001755,0.000664,4.5e-05,0.0,0.51996,0.189231,71.749084,76.118805,163.269791,171.699677,7.0,0.733464,123.909241,117.509438,95.580872,91.520706
Good,0.82738,19340,0.82738,9,0.968005,0.010392,0.008011,0.005907,0.00472,0.001533,0.001228,0.000203,0.0,0.968005,0.957613,65.793945,76.622345,162.704529,171.504959,6.0,0.855099,124.063652,114.249237,94.882614,96.910583
Good,1.245689,24049,1.245689,10,0.955492,0.015658,0.010351,0.006954,0.005597,0.005588,0.000254,0.000105,0.0,0.955492,0.939834,62.389324,75.380539,158.562363,172.24678,5.0,0.917482,123.81366,110.475843,96.866241,96.173038
Good,0.886135,23694,0.886135,5,0.872759,0.117261,0.004498,0.004135,0.000912,0.000316,0.000117,1e-06,0.0,0.872759,0.755497,71.888306,76.602768,164.361267,177.953918,7.0,0.727116,127.278343,118.124786,101.351151,92.472961
Good,0.9105,20488,0.9105,8,0.876362,0.063507,0.018607,0.017919,0.015272,0.00428,0.003942,0.000112,0.0,0.876362,0.812855,65.287323,73.114136,160.967834,171.327744,6.0,0.975412,122.22094,113.127579,98.213608,95.680511
Good,1.338821,21113,1.338821,8,0.393477,0.351421,0.140506,0.051047,0.036155,0.015259,0.00738,0.004755,0.0,0.393477,0.042055,63.89743,73.888199,160.584625,172.202133,6.0,0.980705,123.045166,112.241028,98.313934,96.687195
Good,1.091739,22086,1.091739,8,0.846288,0.06277,0.039182,0.038208,0.007478,0.004237,0.001807,2.9e-05,0.0,0.846288,0.783518,69.674751,79.907028,168.56604,175.179092,1.0,0.745765,127.54306,119.120396,95.272064,98.891289
Good,0.904845,20389,0.904845,9,0.563474,0.26126,0.166973,0.006831,0.000849,0.000378,0.0002,3.4e-05,0.0,0.563474,0.302214,64.56427,79.331253,156.712524,170.042496,7.0,0.753787,124.686874,110.638397,90.711243,92.148254
Good,1.199377,21842,1.199377,9,0.892661,0.033341,0.03017,0.022897,0.01685,0.003723,0.00033,2.8e-05,0.0,0.892661,0.85932,65.118744,76.209061,161.225342,173.019943,1.0,0.70602,124.614502,113.172043,96.810883,96.106598
Good,0.825283,18516,0.825283,11,0.899086,0.056468,0.026598,0.008575,0.005833,0.002825,0.000356,0.00026,0.0,0.899086,0.842618,65.283607,74.811935,159.702667,172.347397,1.0,0.689583,123.579666,112.493137,97.535461,94.41906
Good,1.305474,21983,1.305474,6,0.725539,0.232928,0.012893,0.012429,0.01151,0.003047,0.001647,6e-06,0.0,0.725539,0.492611,0.0,0.0,0.0,0.0,0.0,0.0,0.0,0.0,0.0,0.0
Good,0.898159,20388,0.898159,14,0.723824,0.185784,0.047623,0.025588,0.013123,0.003685,0.000374,0.0,0.0,0.723824,0.53804,73.162292,75.606827,161.639954,176.735535,7.0,0.592665,126.171181,117.401123,101.128708,88.477661
Good,0.960656,18202,0.960656,12,0.793245,0.087519,0.052409,0.04051,0.010236,0.008174,0.005659,0.002247,0.0,0.793245,0.705727,64.91465,74.224014,160.447906,170.045837,1.0,0.766108,122.134926,112.681278,95.821823,95.533257
Good,0.964294,20690,0.964294,6,0.768888,0.159278,0.036797,0.016803,0.008788,0.004927,0.00437,0.00015,0.0,0.768888,0.609609,0.0,0.0,0.0,0.0,0.0,0.0,0.0,0.0,0.0,0.0
Good,0.806339,19275,0.806339,12,0.789801,0.153082,0.024193,0.010053,0.008218,0.008087,0.006516,5e-05,0.0,0.789801,0.636719,78.738892,82.483063,169.014832,176.500854,7.0,0.533173,129.491959,123.876862,94.017792,90.27594
Good,0.87201,24526,0.87201,9,0.80623,0.169697,0.014575,0.004186,0.004088,0.000789,0.000353,8.3e-05,0.0,0.80623,0.636533,0.0,0.0,0.0,0.0,0.0,0.0,0.0,0.0,0.0,0.0
Good,0.921546,21215,0.921546,4,0.874322,0.073531,0.049569,0.001777,0.000354,0.000344,0.000103,0.0,0.0,0.874322,0.800791,66.359634,79.250259,165.027481,176.106873,1.0,0.629131,127.678566,115.693558,96.856613,98.667847
Good,0.96729,25620,0.96729,8,0.687323,0.138628,0.127637,0.032864,0.007048,0.004882,0.001615,3e-06,0.0,0.687323,0.548695,67.196106,83.203041,162.899551,178.670563,1.0,0.677825,130.936802,115.047829,95.467522,95.703445
Good,1.172835,28167,1.172835,5,0.944554,0.020593,0.011849,0.009642,0.005801,0.004078,0.003467,1.6e-05,0.0,0.944554,0.923961,74.383522,81.037613,171.72821,173.712372,1.0,0.832483,127.374992,123.055866,92.674759,97.344688
Bad,0.715903,17672,0.715903,13,0.891098,0.092542,0.007401,0.006308,0.002617,1.5e-05,1.3e-05,6e-06,0.0,0.891098,0.798556,103.010635,91.686432,161.400955,194.667725,5.0,0.951675,143.177078,132.205795,102.981293,58.39032
Bad,0.740376,18602,0.740376,8,0.821713,0.118997,0.048571,0.009452,0.001198,3.6e-05,1.9e-05,1.4e-05,0.0,0.821713,0.702716,104.145584,87.657379,160.399307,195.169312,5.0,0.985255,141.413345,132.272446,107.511932,56.253723
Bad,0.671704,20661,0.671704,12,0.999105,0.00032,0.000291,0.000216,6.2e-05,6e-06,0.0,0.0,0.0,0.999105,0.998785,105.675491,88.609665,162.107651,192.048538,5.0,0.913649,140.329102,133.891571,103.438873,56.432159
Bad,0.696473,17361,0.696473,11,0.971096,0.018591,0.008072,0.001302,0.000872,5.3e-05,1.2e-05,1e-06,0.0,0.971096,0.952505,104.71431,89.513016,161.473831,192.375839,5.0,0.965668,140.944427,133.09407,102.862823,56.759521
Bad,0.754221,15868,0.754221,14,0.95154,0.026511,0.018899,0.002883,0.000118,2.1e-05,1.8e-05,1e-05,0.0,0.95154,0.925029,104.368408,91.575005,161.750671,193.886993,5.0,0.974314,142.730999,133.05954,102.311989,57.382263
Bad,0.618024,17070,0.618024,14,0.981757,0.010054,0.006254,0.000837,0.000504,0.000381,0.00021,1e-06,0.0,0.981757,0.971703,100.775864,88.833267,160.086746,193.029556,5.0,0.921136,140.931412,130.431305,104.196289,59.310883
Bad,0.712941,16665,0.712941,11,0.94782,0.024304,0.017957,0.007803,0.001959,0.00015,5e-06,2e-06,0.0,0.94782,0.923517,102.565445,89.992813,161.886917,193.168045,5.0,0.976991,141.580429,132.226181,103.175232,59.321472
Bad,0.674136,20458,0.674136,10,0.669845,0.322754,0.003665,0.003346,0.000379,6e-06,5e-06,1e-06,0.0,0.669845,0.34709,101.326172,89.91684,156.171661,203.448456,3.0,0.911719,146.682648,128.748917,113.531616,54.84549
Bad,0.78984,11592,0.78984,20,0.928195,0.036961,0.033403,0.001409,2.5e-05,4e-06,1e-06,1e-06,0.0,0.928195,0.891234,100.961121,86.72052,155.31488,197.522949,1.0,0.702526,142.121735,128.138,110.802429,54.35376
Bad,0.587716,23914,0.587716,6,0.999366,0.000322,0.000284,2.6e-05,2e-06,0.0,0.0,0.0,0.0,0.999366,0.999045,0.0,0.0,0.0,0.0,0.0,0.0,0.0,0.0,0.0,0.0
Bad,1.038757,22452,1.038757,6,0.952881,0.046444,0.000481,0.00018,1.1e-05,3e-06,1e-06,0.0,0.0,0.952881,0.906437,0.0,0.0,0.0,0.0,0.0,0.0,0.0,0.0,0.0,0.0
Bad,0.628433,23189,0.628433,2,0.879965,0.110744,0.008011,0.000949,0.00032,9e-06,2e-06,0.0,0.0,0.879965,0.76922,0.0,0.0,0.0,0.0,0.0,0.0,0.0,0.0,0.0,0.0
Bad,0.660635,17671,0.660635,10,0.993136,0.005625,0.0007,0.000517,2.1e-05,1e-06,0.0,0.0,0.0,0.993136,0.98751,0.0,0.0,0.0,0.0,0.0,0.0,0.0,0.0,0.0,0.0
Bad,0.7968,19958,0.7968,11,0.825207,0.162353,0.007974,0.003656,0.000697,0.000102,1.1e-05,1e-06,0.0,0.825207,0.662855,0.0,0.0,0.0,0.0,0.0,0.0,0.0,0.0,0.0,0.0
Bad,0.774696,24629,0.774696,2,0.925101,0.070502,0.002024,0.001579,0.00079,3e-06,0.0,0.0,0.0,0.925101,0.854599,0.0,0.0,0.0,0.0,0.0,0.0,0.0,0.0,0.0,0.0
Bad,0.614811,20949,0.614811,9,0.886899,0.093274,0.013012,0.006633,0.000113,6.5e-05,4e-06,0.0,0.0,0.886899,0.793626,0.0,0.0,0.0,0.0,0.0,0.0,0.0,0.0,0.0,0.0
Bad,0.926264,18813,0.926264,11,0.950013,0.047801,0.001198,0.000751,0.000198,3.7e-05,1e-06,1e-06,0.0,0.950013,0.902212,0.0,0.0,0.0,0.0,0.0,0.0,0.0,0.0,0.0,0.0
Bad,0.904561,23197,0.904561,8,0.901413,0.090284,0.004962,0.001427,0.001199,0.00071,4e-06,0.0,0.0,0.901413,0.811129,0.0,0.0,0.0,0.0,0.0,0.0,0.0,0.0,0.0,0.0
Bad,1.098427,26019,1.098427,7,0.712904,0.278917,0.007803,0.000322,5e-05,3e-06,1e-06,0.0,0.0,0.712904,0.433988,0.0,0.0,0.0,0.0,0.0,0.0,0.0,0.0,0.0,0.0
Bad,0.650805,25347,0.650805,5,0.992746,0.006156,0.000516,0.000477,9.6e-05,9e-06,0.0,0.0,0.0,0.992746,0.98659,0.0,0.0,0.0,0.0,0.0,0.0,0.0,0.0,0.0,0.0
Bad,0.645817,21615,0.645817,9,0.99446,0.004696,0.000465,0.000199,0.000178,3e-06,0.0,0.0,0.0,0.99446,0.989765,0.0,0.0,0.0,0.0,0.0,0.0,0.0,0.0,0.0,0.0
Bad,0.720785,19406,0.720785,8,0.98141,0.018119,0.000372,7.7e-05,2e-05,1e-06,0.0,0.0,0.0,0.98141,0.963291,0.0,0.0,0.0,0.0,0.0,0.0,0.0,0.0,0.0,0.0
Bad,0.927683,21794,0.927683,3,0.99688,0.00269,0.00037,5e-05,9e-06,0.0,0.0,0.0,0.0,0.99688,0.99419,0.0,0.0,0.0,0.0,0.0,0.0,0.0,0.0,0.0,0.0
Bad,1.147396,23494,1.147396,11,0.975105,0.021743,0.002735,0.000325,8.9e-05,3e-06,0.0,0.0,0.0,0.975105,0.953362,0.0,0.0,0.0,0.0,0.0,0.0,0.0,0.0,0.0,0.0
Bad,0.761697,23481,0.761697,5,0.985935,0.009463,0.002798,0.001714,5.7e-05,3e-05,2e-06,0.0,0.0,0.985935,0.976472,0.0,0.0,0.0,0.0,0.0,0.0,0.0,0.0,0.0,0.0
Bad,0.918997,23339,0.918997,9,0.989638,0.009827,0.000261,0.000259,1e-05,5e-06,0.0,0.0,0.0,0.989638,0.979811,0.0,0.0,0.0,0.0,0.0,0.0,0.0,0.0,0.0,0.0
Bad,0.675638,24580,0.675638,4,0.931798,0.063806,0.002303,0.002061,2.7e-05,3e-06,2e-06,0.0,0.0,0.931798,0.867992,0.0,0.0,0.0,0.0,0.0,0.0,0.0,0.0,0.0,0.0
Bad,0.640594,18545,0.640594,10,0.957718,0.038457,0.003364,0.000445,1e-05,6e-06,1e-06,0.0,0.0,0.957718,0.919261,0.0,0.0,0.0,0.0,0.0,0.0,0.0,0.0,0.0,0.0
Bad,0.66405,17945,0.66405,16,0.996496,0.001659,0.001647,0.000177,1.6e-05,2e-06,2e-06,1e-06,0.0,0.996496,0.994836,0.0,0.0,0.0,0.0,0.0,0.0,0.0,0.0,0.0,0.0
Bad,0.84375,20057,0.84375,12,0.987129,0.009465,0.002998,0.000251,0.000133,2e-05,3e-06,2e-06,0.0,0.987129,0.977664,102.240448,81.234253,159.454346,190.822937,0.0,0.988933,136.028595,130.847397,109.588684,57.213898
Bad,0.738521,21328,0.738521,6,0.659776,0.283971,0.027911,0.025829,0.002407,9.9e-05,5e-06,1e-06,0.0,0.659776,0.375805,102.517479,77.500229,158.647659,188.285446,0.0,0.961451,132.892838,130.582569,110.785217,56.13018
Bad,0.712193,16305,0.712193,10,0.533143,0.457853,0.007449,0.000821,0.000717,9e-06,6e-06,4e-06,0.0,0.533143,0.075291,102.814857,78.744492,160.156204,189.248245,0.0,0.9804,133.996368,131.485531,110.503754,57.341347
Bad,0.771202,14320,0.771202,9,0.901713,0.074327,0.023608,0.000277,5.4e-05,1.5e-05,5e-06,0.0,0.0,0.901713,0.827386,104.491234,79.441658,158.277328,191.9216,0.0,0.986267,135.681629,131.384281,112.479942,53.786095
Bad,0.781895,15691,0.781895,10,0.939208,0.053338,0.005611,0.001166,0.000388,0.000285,2e-06,1e-06,0.0,0.939208,0.88587,102.488571,82.944839,160.190872,188.84404,0.0,0.990006,135.89444,131.339722,105.8992,57.702301
Bad,0.821198,16528,0.821198,8,0.80742,0.125164,0.036477,0.028911,0.001532,0.000454,3.3e-05,9e-06,0.0,0.80742,0.682256,102.063965,78.549942,158.431519,187.156876,0.0,0.991136,132.853409,130.247742,108.606934,56.367554
Bad,0.812101,16808,0.812101,9,0.976299,0.018295,0.005229,9.6e-05,5.5e-05,2.3e-05,1e-06,0.0,0.0,0.976299,0.958005,102.077492,78.693756,159.849457,189.0802,0.0,0.990467,133.886978,130.963474,110.386444,57.771965
Bad,0.78581,16405,0.78581,8,0.977244,0.013629,0.008321,0.000734,4.4e-05,2.9e-05,0.0,0.0,0.0,0.977244,0.963615,102.980278,80.794586,160.463287,187.212921,0.0,0.992802,134.003754,131.721783,106.418335,57.483009
Bad,0.876671,22504,0.876671,5,0.609751,0.193829,0.166632,0.019573,0.006199,0.004002,1.1e-05,2e-06,0.0,0.609751,0.415922,107.286125,80.679443,159.529099,191.914948,0.0,0.983599,136.297195,133.407612,111.235504,52.242973
Bad,0.784857,17614,0.784857,8,0.873938,0.093093,0.026729,0.005837,0.000252,0.000122,2.8e-05,0.0,0.0,0.873938,0.780844,105.011536,82.485054,158.933105,191.36496,0.0,0.995624,136.925007,131.972321,108.879906,53.92157
Bad,0.855887,17027,0.855887,10,0.950626,0.048012,0.000875,0.000402,7.9e-05,4e-06,3e-06,0.0,0.0,0.950626,0.902614,103.250381,81.610703,159.546585,187.988998,0.0,0.9925,134.79985,131.398483,106.378296,56.296204
Bad,0.79742,14002,0.79742,17,0.930266,0.035926,0.017474,0.010126,0.006051,0.000129,1.4e-05,1.4e-05,0.0,0.930266,0.89434,103.517883,78.52037,159.639008,188.627609,0.0,0.985556,133.57399,131.578445,110.107239,56.121124
Bad,0.777826,11362,0.777826,14,0.842898,0.125698,0.019655,0.00492,0.004701,0.002111,1.6e-05,1e-06,0.0,0.842898,0.7172,105.174759,78.265732,159.281326,188.285385,0.0,0.995451,133.275558,132.228043,110.019653,54.106567
Bad,1.094536,18878,1.094536,10,0.741473,0.252417,0.002956,0.002241,0.000478,0.00042,1.5e-05,0.0,0.0,0.741473,0.489056,103.495071,79.496346,159.469589,188.065704,0.0,0.988706,133.781025,131.48233,108.569359,55.974518
Bad,0.801058,16885,0.801058,8,0.839539,0.069991,0.045351,0.035299,0.008349,0.00147,1e-06,0.0,0.0,0.839539,0.769548,103.793533,80.4384,159.892563,190.168198,0.0,0.990153,135.303299,131.843048,109.729797,56.09903
Bad,0.756149,16002,0.756149,9,0.721469,0.252434,0.015264,0.009766,0.000964,9.2e-05,9e-06,1e-06,0.0,0.721469,0.469036,102.522278,77.413643,159.464569,186.389771,0.0,0.979547,131.901707,130.993423,108.976128,56.942291
Bad,0.801575,13924,0.801575,15,0.975785,0.021629,0.002433,8.1e-05,7.1e-05,1e-06,1e-06,0.0,0.0,0.975785,0.954156,106.406776,80.567017,159.879883,191.272919,0.0,0.965596,135.919968,133.14333,110.705902,53.473106
Bad,0.694275,15992,0.694275,11,0.937381,0.062343,0.000161,8.4e-05,2.9e-05,2e-06,0.0,0.0,0.0,0.937381,0.875038,103.103172,79.656387,160.067108,189.161148,0.0,0.973976,134.408768,131.58514,109.504761,56.963936
Bad,0.88149,15093,0.88149,12,0.467856,0.353062,0.151694,0.017415,0.00814,0.00168,0.00014,1.2e-05,0.0,0.467856,0.114794,0.0,0.0,0.0,0.0,0.0,0.0,0.0,0.0,0.0,0.0
Bad,0.909719,13469,0.909719,13,0.963604,0.033569,0.00095,0.00086,0.000656,0.000353,6e-06,1e-06,0.0,0.963604,0.930035,105.918213,80.332893,159.535645,188.722534,0.0,0.993753,134.527714,132.726929,108.389641,53.617432
Bad,0.792019,18501,0.792019,8,0.986662,0.006579,0.0052,0.001139,0.000414,4e-06,1e-06,0.0,0.0,0.986662,0.980083,110.777405,86.155197,157.876984,186.158249,0.0,0.975365,136.156723,134.327194,100.003052,47.099579
Bad,0.812541,16340,0.812541,15,0.475883,0.451114,0.038644,0.034052,0.000189,0.000105,8e-06,5e-06,0.0,0.475883,0.024769,108.583054,83.075905,161.358047,188.674072,0.0,0.987,135.874989,134.970551,105.598167,52.774994
Bad,0.741285,19326,0.741285,4,0.768716,0.169137,0.050741,0.009442,0.001786,0.000121,5.6e-05,1e-06,0.0,0.768716,0.599579,105.409378,81.4692,160.255173,189.426758,0.0,0.994991,135.447979,132.832275,107.957558,54.845795
Bad,0.808378,18280,0.808378,7,0.952898,0.018648,0.01381,0.011814,0.001905,0.000923,1e-06,0.0,0.0,0.952898,0.934249,108.290092,79.762718,160.135925,189.547638,0.0,0.994617,134.655178,134.213009,109.78492,51.845833
Bad,0.880218,17260,0.880218,7,0.60692,0.200543,0.129896,0.037433,0.023146,0.00201,3.1e-05,2.1e-05,0.0,0.60692,0.406376,108.00827,81.004478,160.091248,189.421722,0.0,0.99506,135.2131,134.049759,108.417244,52.082977
Bad,0.698321,9855,0.698321,11,0.697403,0.153517,0.121468,0.009561,0.009368,0.007866,0.000813,5e-06,0.0,0.697403,0.543886,107.48951,80.438934,161.655182,185.45639,0.0,0.970201,132.947662,134.572346,105.017456,54.165672
Bad,0.93541,15168,0.93541,12,0.85046,0.070241,0.04316,0.023257,0.012429,0.000383,4.5e-05,2.4e-05,0.0,0.85046,0.780219,107.433311,82.651596,161.151093,188.267715,0.0,0.980238,135.459656,134.292202,105.616119,53.717781
Bad,0.847434,17124,0.847434,11,0.965487,0.029444,0.003003,0.001836,0.000186,2.8e-05,1.6e-05,1e-06,0.0,0.965487,0.936044,105.54113,93.24189,162.865799,190.918091,7.0,0.851157,142.07999,134.203465,97.676201,57.324669
Bad,0.958286,17697,0.958286,10,0.995952,0.003634,0.000282,0.000105,2.4e-05,2e-06,0.0,0.0,0.0,0.995952,0.992318,105.251595,89.935883,160.353378,191.964233,7.0,0.881629,140.950058,132.802486,102.028351,55.101784
Bad,0.690191,15230,0.690191,12,0.975799,0.021336,0.002258,0.000351,0.000243,1.2e-05,1e-06,0.0,0.0,0.975799,0.954463,105.372726,91.365211,160.61116,193.945374,7.0,0.743237,142.655293,132.991943,102.580162,55.238434
Bad,0.719445,18781,0.719445,16,0.926043,0.045298,0.02732,0.000913,0.000254,0.000164,8e-06,1e-06,0.0,0.926043,0.880745,104.386902,94.98278,162.120209,191.064667,7.0,0.783452,143.023724,133.253555,96.081886,57.733307
Bad,0.708791,18077,0.708791,11,0.999032,0.000434,0.000287,0.000218,1.6e-05,8e-06,4e-06,0.0,0.0,0.999032,0.998598,103.88945,92.641609,160.530533,192.014801,7.0,0.793864,142.328205,132.209991,99.373192,56.641083
Bad,0.674468,16034,0.674468,8,0.961094,0.023691,0.008871,0.005147,0.001178,9e-06,7e-06,3e-06,0.0,0.961094,0.937402,103.171051,89.01059,163.24765,193.806763,5.0,0.987308,141.408676,133.209351,104.796173,60.076599
Bad,0.641408,15916,0.641408,11,0.977615,0.012795,0.006894,0.002121,0.000565,4e-06,4e-06,2e-06,0.0,0.977615,0.964819,104.140808,88.934319,163.616364,192.904907,5.0,0.99014,140.919613,133.878586,103.970589,59.475555
Bad,0.762958,17768,0.762958,16,0.801629,0.15003,0.027545,0.016171,0.004277,0.000266,7.8e-05,3e-06,0.0,0.801629,0.651599,103.962219,91.817574,162.523926,191.604065,5.0,0.964571,141.710819,133.243073,99.786491,58.561707
Bad,0.764217,16381,0.764217,7,0.971499,0.013568,0.012309,0.00172,0.000874,1.3e-05,9e-06,9e-06,0.0,0.971499,0.957931,105.331177,90.137154,162.136658,192.492493,5.0,0.963784,141.314823,133.733917,102.355339,56.805481
Bad,0.932146,16654,0.932146,17,0.949368,0.029559,0.016181,0.00445,0.000394,4.7e-05,1e-06,0.0,0.0,0.949368,0.919809,103.187828,90.508575,162.259888,194.105469,5.0,0.926737,142.307022,132.723858,103.596893,59.07206
Bad,0.736602,16649,0.736602,9,0.985346,0.005324,0.00462,0.004194,0.000492,2e-05,2e-06,2e-06,0.0,0.985346,0.980022,103.993591,91.733025,161.932434,191.052551,5.0,0.969205,141.392788,132.963013,99.319527,57.938843
Bad,0.766983,17934,0.766983,8,0.993714,0.00582,0.000251,0.000192,2.4e-05,0.0,0.0,0.0,0.0,0.993714,0.987894,98.533852,92.588707,156.201797,194.640778,7.0,0.68621,143.614742,127.367825,102.052071,57.667946
Bad,0.782223,17330,0.782223,11,0.980979,0.017676,0.000851,0.00046,3.3e-05,0.0,0.0,0.0,0.0,0.980979,0.963304,98.071236,91.996674,155.565964,195.059265,7.0,0.756823,143.527969,126.8186,103.062592,57.494728
Bad,0.750639,14204,0.750639,12,0.906443,0.057464,0.033113,0.002434,0.000451,8.6e-05,4e-06,4e-06,0.0,0.906443,0.848978,100.545586,89.976883,156.187073,195.790695,7.0,0.74067,142.883789,128.366329,105.813812,55.641487
Bad,0.761252,15077,0.761252,13,0.945486,0.033001,0.01988,0.001275,0.000307,4.5e-05,3e-06,2e-06,0.0,0.945486,0.912486,100.833916,90.365105,156.467728,195.335388,7.0,0.731858,142.850246,128.650822,104.970284,55.633812
Bad,0.794749,17328,0.794749,10,0.98158,0.009257,0.008997,0.000116,4.8e-05,2e-06,1e-06,0.0,0.0,0.98158,0.972323,0.0,0.0,0.0,0.0,0.0,0.0,0.0,0.0,0.0,0.0
Bad,0.778207,17604,0.778207,12,0.978705,0.010606,0.010499,0.000139,4.7e-05,2e-06,1e-06,0.0,0.0,0.978705,0.968099,101.51886,94.006439,161.227112,193.50351,1.0,0.57121,143.754974,131.372986,99.49707,59.708252
Bad,0.875791,15424,0.875791,13,0.961774,0.028271,0.008009,0.001879,4.3e-05,1.4e-05,7e-06,2e-06,0.0,0.961774,0.933503,0.0,0.0,0.0,0.0,0.0,0.0,0.0,0.0,0.0,0.0
Bad,0.658434,13298,0.658434,14,0.794808,0.130226,0.051419,0.019548,0.003815,0.000165,1.6e-05,4e-06,0.0,0.794808,0.664582,0.0,0.0,0.0,0.0,0.0,0.0,0.0,0.0,0.0,0.0
Bad,0.575445,15825,0.575445,11,0.987902,0.009132,0.002311,0.000624,2.8e-05,2e-06,1e-06,0.0,0.0,0.987902,0.97877,101.852417,94.455437,162.037415,193.362183,7.0,0.7989,143.90881,131.944916,98.906746,60.184998
Bad,0.767632,16003,0.767632,15,0.966791,0.019947,0.007124,0.005157,0.000727,0.000221,3.1e-05,0.0,0.0,0.966791,0.946844,100.930916,91.920837,158.895386,199.854034,3.0,0.95444,145.887436,129.913151,107.933197,57.96447
Bad,0.657185,11381,0.657185,14,0.805836,0.147665,0.033644,0.010635,0.000932,0.000717,0.00057,0.0,0.0,0.805836,0.658171,102.31675,90.306702,159.747253,199.502899,3.0,0.890665,144.9048,131.032001,109.196198,57.430504
Bad,0.85315,16231,0.85315,16,0.886567,0.088594,0.014596,0.009425,0.000792,2e-05,6e-06,1e-06,0.0,0.886567,0.797974,100.46312,91.49469,156.627823,203.139893,3.0,0.951968,147.317291,128.545471,111.645203,56.164703
Bad,0.876094,17529,0.876094,17,0.431785,0.322993,0.209472,0.034962,0.000453,0.000292,4.1e-05,2e-06,0.0,0.431785,0.108792,103.234428,88.16864,158.433167,200.403809,3.0,0.896581,144.286224,130.833797,112.235168,55.198738
Bad,0.551556,9469,0.551556,7,0.777316,0.206377,0.007276,0.005523,0.003459,4.8e-05,0.0,0.0,0.0,0.777316,0.570939,100.778885,77.403687,161.510178,211.5914,7.0,0.892225,144.497543,131.144531,134.187714,60.731293
Bad,0.585106,14469,0.585106,11,0.890263,0.066944,0.030257,0.012335,8.8e-05,7.9e-05,2.3e-05,1.2e-05,0.0,0.890263,0.823319,98.692413,73.892227,164.503387,207.925491,7.0,0.794178,140.908859,131.5979,134.033264,65.810974
Bad,0.538506,14561,0.538506,4,0.430112,0.286582,0.279906,0.003249,0.000109,3.7e-05,3e-06,3e-06,0.0,0.430112,0.14353,97.09404,79.439705,159.475021,211.168823,7.0,0.869285,145.304264,128.284531,131.729118,62.380981
Bad,0.549446,13003,0.549446,6,0.639011,0.354133,0.003571,0.003109,0.000127,4.8e-05,1e-06,0.0,0.0,0.639011,0.284878,95.740005,78.413948,163.381058,211.695831,7.0,0.858667,145.05489,129.560532,133.281883,67.641052
Bad,0.488122,10841,0.488122,14,0.746122,0.165775,0.087926,0.000116,4.3e-05,1.4e-05,5e-06,0.0,0.0,0.746122,0.580347,100.590767,71.994644,160.610336,209.585556,7.0,0.868233,140.7901,130.600552,137.590912,60.019569
Bad,1.007711,17369,1.007711,8,0.501758,0.359413,0.137399,0.001184,0.000149,9e-05,6e-06,1e-06,0.0,0.501758,0.142345,95.162888,80.817184,157.163864,207.208725,5.0,0.981457,144.012955,126.163376,126.391541,62.000977
Bad,1.116416,12185,1.116416,9,0.999884,9.6e-05,2e-05,1e-06,0.0,0.0,0.0,0.0,0.0,0.999884,0.999788,0.0,0.0,0.0,0.0,0.0,0.0,0.0,0.0,0.0,0.0
Bad,0.89501,12712,0.89501,11,0.962489,0.021186,0.012028,0.001599,0.001413,0.001276,6e-06,2e-06,0.0,0.962489,0.941303,95.96154,71.974129,157.731812,204.204956,5.0,0.984821,138.089542,126.846676,132.230827,61.770271
Bad,0.827387,13623,0.827387,8,0.532272,0.348154,0.06493,0.049182,0.005174,0.000277,7e-06,4e-06,0.0,0.532272,0.184118,96.065956,73.279846,157.021576,204.822418,5.0,0.986668,139.051132,126.543766,131.542572,60.95562
Bad,0.943926,12335,0.943926,9,0.709112,0.193475,0.093713,0.002162,0.000704,0.000619,0.000196,1.8e-05,0.0,0.709112,0.515636,96.441879,72.81813,155.497192,206.012253,5.0,0.979143,139.415192,125.969536,133.194122,59.055313
Bad,0.713794,14581,0.713794,14,0.993026,0.00543,0.000685,0.000619,0.000232,6e-06,2e-06,0.0,0.0,0.993026,0.987597,101.020294,63.955593,157.985748,163.984818,8.0,0.994095,113.970205,129.503021,100.029224,56.965454
Bad,0.627393,19783,0.627393,12,0.952444,0.045582,0.001109,0.000641,0.000208,1.1e-05,4e-06,0.0,0.0,0.952444,0.906862,100.130295,65.705994,158.365067,167.751968,8.0,0.992974,116.728981,129.247681,102.045975,58.234772
Bad,0.62681,13227,0.62681,16,0.527337,0.345789,0.100795,0.016676,0.004725,0.003276,0.001385,1.8e-05,0.0,0.527337,0.181548,101.3862,63.342083,158.593811,165.348373,8.0,0.996897,114.345228,129.990005,102.00629,57.207611
Bad,1.030143,15987,1.030143,17,0.999408,0.000269,0.000172,7.3e-05,7.3e-05,3e-06,1e-06,1e-06,0.0,0.999408,0.999139,101.289063,63.325714,158.315887,166.255463,8.0,0.992022,114.790588,129.802475,102.929749,57.026825
Bad,0.692169,16365,0.692169,12,0.73333,0.196771,0.051633,0.016992,0.000877,0.00021,0.000186,1e-06,0.0,0.73333,0.536559,100.915237,66.265953,158.148972,166.94519,8.0,0.99533,116.605572,129.532104,100.679237,57.233734
Bad,0.789759,12174,0.789759,10,0.96319,0.027651,0.005748,0.001727,0.000659,0.000595,0.000431,0.0,0.0,0.96319,0.935539,101.966049,62.427746,158.695419,163.975449,8.0,0.99218,113.201597,130.330734,101.547703,56.72937
Bad,0.581149,14658,0.581149,16,0.98654,0.009225,0.002843,0.001073,0.000187,0.0001,2.3e-05,1.1e-05,0.0,0.98654,0.977315,102.149284,64.136963,158.713181,164.763809,8.0,0.995783,114.450386,130.431232,100.626846,56.563896
Bad,0.565776,14768,0.565776,16,0.896415,0.048525,0.03478,0.014064,0.00388,0.002249,8.2e-05,4e-06,0.0,0.896415,0.84789,99.81414,65.056229,158.34935,168.008698,8.0,0.995036,116.532463,129.081745,102.952469,58.53521
Bad,0.721098,15800,0.721098,11,0.972688,0.013123,0.008834,0.003284,0.002018,3.6e-05,1.7e-05,1e-06,0.0,0.972688,0.959565,100.883179,64.520683,157.824951,164.400421,8.0,0.995174,114.460552,129.354065,99.879738,56.941772
Bad,0.76149,7878,0.76149,13,0.763333,0.189327,0.020167,0.017856,0.00881,0.0004,0.000106,1e-06,0.0,0.763333,0.574006,101.599228,62.770443,159.177963,165.447845,8.0,0.994735,114.109144,130.388596,102.677402,57.578735
Bad,0.627347,13169,0.627347,8,0.751885,0.235866,0.009625,0.001695,0.000553,0.000371,3e-06,0.0,0.0,0.751885,0.516019,101.170715,62.876373,158.645081,164.842819,8.0,0.992025,113.859596,129.907898,101.966446,57.474365
Bad,0.706386,17523,0.706386,12,0.994193,0.002341,0.002164,0.000804,0.000361,0.000102,3.1e-05,3e-06,0.0,0.994193,0.991852,100.500191,64.070854,158.289307,166.024139,8.0,0.992979,115.047497,129.394749,101.953285,57.789116
Bad,0.535687,11199,0.535687,19,0.758157,0.150721,0.053386,0.034074,0.002068,0.001585,1e-05,1e-06,0.0,0.758157,0.607436,101.390305,63.064354,158.823013,165.095184,8.0,0.995282,114.079769,130.106659,102.03083,57.432709
Bad,0.54904,16838,0.54904,10,0.660072,0.132382,0.101046,0.088679,0.009405,0.005332,0.002837,0.000248,0.0,0.660072,0.527691,101.431198,62.826744,159.082535,165.467834,8.0,0.993681,114.147289,130.256866,102.64109,57.651337
Bad,0.606241,16187,0.606241,12,0.975337,0.010735,0.005108,0.00451,0.004281,2e-05,7e-06,3e-06,0.0,0.975337,0.964602,101.313759,63.530228,158.802612,164.857773,8.0,0.995889,114.194,130.058186,101.327545,57.488853
Bad,0.609345,13765,0.609345,15,0.762492,0.108849,0.101894,0.019308,0.00423,0.002118,0.001109,1e-06,0.0,0.762492,0.653644,101.766769,62.885609,158.914719,164.422836,8.0,0.995696,113.654222,130.340744,101.537228,57.147949
Bad,0.451014,6172,0.451014,13,0.97396,0.010534,0.009173,0.005733,0.000493,3.7e-05,3.6e-05,3.4e-05,0.0,0.97396,0.963426,101.191681,63.972141,157.639343,166.68869,8.0,0.97552,115.330416,129.415512,102.716549,56.447662
Bad,0.616949,17587,0.616949,12,0.917737,0.061435,0.012899,0.004984,0.002285,0.000627,3.3e-05,0.0,0.0,0.917737,0.856302,101.578339,63.031746,158.201263,164.700317,8.0,0.995978,113.866032,129.889801,101.668571,56.622925
Bad,0.683364,15241,0.683364,6,0.988586,0.004439,0.003736,0.001961,0.001249,1.7e-05,1.2e-05,0.0,0.0,0.988586,0.984148,101.546555,63.512486,159.519913,164.794556,8.0,0.993573,114.153521,130.533234,101.28207,57.973358
Bad,0.552806,10547,0.552806,18,0.993431,0.003523,0.002048,0.000663,0.000321,6e-06,5e-06,4e-06,0.0,0.993431,0.989908,100.934357,65.077461,158.284546,165.536255,8.0,0.992298,115.306858,129.609451,100.458794,57.350189
Bad,1.073169,21534,1.073169,8,0.921682,0.077437,0.000563,0.000294,2.3e-05,0.0,0.0,0.0,0.0,0.921682,0.844246,102.635536,76.558212,154.299377,205.76619,6.0,0.98377,141.162201,128.467457,129.207977,51.663841
Bad,1.100402,19712,1.100402,9,0.670332,0.213509,0.114407,0.000771,0.000425,0.000383,0.000174,0.0,0.0,0.670332,0.456823,103.345711,72.058273,157.82782,201.089645,6.0,0.973216,136.573959,130.586765,129.031372,54.482109
Bad,1.069843,21521,1.069843,5,0.991833,0.008039,6.7e-05,6e-05,0.0,0.0,0.0,0.0,0.0,0.991833,0.983794,102.85968,75.910629,154.019318,204.472702,6.0,0.970497,140.191666,128.439499,128.562073,51.159637
Bad,1.025469,21358,1.025469,4,0.998581,0.001416,1e-06,1e-06,0.0,0.0,0.0,0.0,0.0,0.998581,0.997165,101.055267,76.095726,151.465042,203.938873,6.0,0.991444,140.0173,126.260155,127.843147,50.409775
Bad,1.089054,21816,1.089054,2,0.985557,0.009985,0.004411,2.2e-05,2e-05,4e-06,0.0,0.0,0.0,0.985557,0.975571,102.374741,75.060852,150.675461,204.890015,6.0,0.979191,139.975433,126.525101,129.829163,48.30072
Bad,1.092642,21933,1.092642,5,0.991507,0.008474,1.3e-05,5e-06,1e-06,1e-06,0.0,0.0,0.0,0.991507,0.983033,102.414703,76.215141,151.244598,204.664154,6.0,0.992657,140.439648,126.829651,128.449013,48.829895
Bad,1.359242,23355,1.359242,6,0.998309,0.001659,2.6e-05,5e-06,1e-06,0.0,0.0,0.0,0.0,0.998309,0.99665,101.600357,76.863724,151.553482,203.121078,6.0,0.994693,139.992401,126.57692,126.257355,49.953125
Bad,0.928045,24392,0.928045,6,0.923034,0.076945,1.7e-05,3e-06,1e-06,0.0,0.0,0.0,0.0,0.923034,0.846089,101.70195,72.457558,150.692703,203.605774,6.0,0.985807,138.031666,126.197327,131.148216,48.990753
Bad,0.828241,15096,0.828241,7,0.969763,0.027419,0.002579,0.000199,2.8e-05,6e-06,5e-06,0.0,0.0,0.969763,0.942344,101.122475,74.355919,152.939178,205.511139,6.0,0.961204,139.933529,127.030827,131.15522,51.816704
Bad,1.189733,19185,1.189733,3,0.974061,0.021469,0.004184,0.000207,5.6e-05,1.4e-05,9e-06,0.0,0.0,0.974061,0.952592,102.09848,75.959801,153.074417,205.406342,6.0,0.969835,140.683071,127.586449,129.446541,50.975937
Bad,1.322997,23327,1.322997,13,0.703899,0.233165,0.04018,0.016899,0.004712,0.001031,8.9e-05,2.5e-05,0.0,0.703899,0.470734,99.684448,79.094429,157.566589,208.946472,7.0,0.853232,144.020451,128.625519,129.852043,57.882141
Bad,1.134646,25071,1.134646,3,0.99767,0.002153,0.000141,3.4e-05,2e-06,0.0,0.0,0.0,0.0,0.99767,0.995517,103.506409,72.897957,158.837158,201.755035,6.0,0.99374,137.326496,131.171783,128.857079,55.33075
Bad,1.023893,22359,1.023893,6,0.999986,1.2e-05,2e-06,1e-06,0.0,0.0,0.0,0.0,0.0,0.999986,0.999974,103.564804,73.883667,156.789078,201.647675,6.0,0.991586,137.765671,130.176941,127.764008,53.224274
Bad,0.990088,19441,0.990088,8,0.675494,0.193182,0.125721,0.002997,0.002072,0.000268,0.000259,7e-06,0.0,0.675494,0.482312,100.631355,73.775879,151.462967,204.437561,6.0,0.964881,139.10672,126.047161,130.661682,50.831612
Bad,1.213384,24561,1.213384,2,0.674115,0.301737,0.023942,0.000178,1.3e-05,9e-06,6e-06,0.0,0.0,0.674115,0.372378,101.935501,78.046677,150.568665,202.830612,6.0,0.97341,140.438644,126.252083,124.783936,48.633163
Bad,1.415886,20957,1.415886,5,0.999926,6.7e-05,6e-06,0.0,0.0,0.0,0.0,0.0,0.0,0.999926,0.999858,0.0,0.0,0.0,0.0,0.0,0.0,0.0,0.0,0.0,0.0
Bad,1.132843,19724,1.132843,6,0.99306,0.00534,0.001339,0.00023,2.6e-05,4e-06,0.0,0.0,0.0,0.99306,0.98772,103.304237,74.376068,156.044662,202.338837,6.0,0.977631,138.357452,129.67445,127.962769,52.740425
Bad,1.144064,27540,1.144064,2,0.694893,0.262062,0.042882,0.000111,3.6e-05,1.4e-05,1e-06,0.0,0.0,0.694893,0.432831,102.905792,72.779541,158.65686,202.421478,6.0,0.993522,137.60051,130.781326,129.641937,55.751068
Bad,1.266899,20842,1.266899,9,0.992488,0.003828,0.003556,0.000118,7e-06,2e-06,1e-06,0.0,0.0,0.992488,0.988659,100.882462,78.416328,149.560471,204.399261,6.0,0.978446,141.407795,125.221466,125.982933,48.678009
Bad,1.212831,20794,1.212831,7,0.999704,0.000158,0.000131,6e-06,0.0,0.0,0.0,0.0,0.0,0.999704,0.999546,102.432663,74.586411,152.138596,205.034256,6.0,0.984603,139.810333,127.285629,130.447845,49.705933
Bad,1.087602,21114,1.087602,9,0.825459,0.104077,0.069407,0.000477,0.000449,0.000104,2.8e-05,0.0,0.0,0.825459,0.721382,103.307648,76.328903,153.975708,205.400131,6.0,0.983416,140.864517,128.641678,129.071228,50.66806
Bad,1.250803,20275,1.250803,4,0.992166,0.004357,0.002988,0.000487,2e-06,1e-06,0.0,0.0,0.0,0.992166,0.987809,102.972,74.948906,153.480789,203.120697,6.0,0.969681,139.034801,128.226395,128.171791,50.508789
Bad,0.83404,14995,0.83404,10,0.975043,0.021309,0.003479,0.000107,3.3e-05,2.9e-05,0.0,0.0,0.0,0.975043,0.953734,96.664375,72.168762,156.52536,200.812134,5.0,0.970918,136.490448,126.594868,128.643372,59.860985
Bad,1.280423,21386,1.280423,7,0.992583,0.003929,0.002717,0.0004,0.000351,1.9e-05,1e-06,0.0,0.0,0.992583,0.988654,101.418221,76.341385,150.733078,206.088272,6.0,0.977209,141.214828,126.075649,129.746887,49.314857
Bad,1.194541,21468,1.194541,9,0.999341,0.000639,1.5e-05,4e-06,1e-06,0.0,0.0,0.0,0.0,0.999341,0.998702,102.022865,75.798103,150.303284,206.589661,6.0,0.989651,141.193882,126.163074,130.791557,48.280418
Bad,1.0934,21557,1.0934,8,0.994621,0.005325,4.6e-05,7e-06,1e-06,0.0,0.0,0.0,0.0,0.994621,0.989295,100.742493,78.668465,151.496155,207.567749,6.0,0.994232,143.118107,126.119324,128.899284,50.753662
Bad,1.168884,20587,1.168884,14,0.657262,0.342051,0.000532,0.000145,7e-06,2e-06,0.0,0.0,0.0,0.657262,0.315211,102.914932,72.255493,157.822433,201.808319,6.0,0.987196,137.031906,130.368683,129.552826,54.907501
Bad,1.044823,19897,1.044823,5,0.878002,0.120347,0.00156,7e-05,1.3e-05,7e-06,1e-06,0.0,0.0,0.878002,0.757655,102.565315,76.070396,155.943619,205.368988,6.0,0.99447,140.719692,129.254467,129.298592,53.378304
Bad,1.560108,20492,1.560108,4,0.978838,0.021113,2.3e-05,1.4e-05,7e-06,4e-06,1e-06,0.0,0.0,0.978838,0.957725,101.957909,76.066772,152.854156,205.546753,6.0,0.986456,140.806763,127.406033,129.47998,50.896248
Bad,1.076637,15215,1.076637,5,0.653674,0.161716,0.159016,0.01024,0.008469,0.00553,0.001351,3e-06,0.0,0.653674,0.491958,99.718338,73.680763,156.682968,203.698822,7.0,0.907929,138.689793,128.200653,130.018059,56.96463
Bad,0.745859,13329,0.745859,8,0.470705,0.405469,0.123389,0.000372,4.7e-05,1.1e-05,8e-06,0.0,0.0,0.470705,0.065236,98.292648,75.147041,155.965195,209.855896,7.0,0.927295,142.501469,127.128922,134.708855,57.672546
Bad,0.641022,12663,0.641022,9,0.63458,0.186471,0.177842,0.000559,0.000477,4.9e-05,2.1e-05,0.0,0.0,0.63458,0.448109,98.081268,73.60067,154.806702,203.290619,7.0,0.902927,138.445644,126.443985,129.689949,56.725433
Bad,0.549332,10621,0.549332,9,0.994096,0.004268,0.001623,1.1e-05,1e-06,1e-06,0.0,0.0,0.0,0.994096,0.989828,98.893723,73.737572,156.666885,205.171661,7.0,0.926895,139.454617,127.780304,131.43409,57.773163
Bad,0.541919,12766,0.541919,8,0.758782,0.146608,0.079127,0.01526,0.000212,1e-05,1e-06,1e-06,0.0,0.758782,0.612174,98.910385,74.730568,155.665497,205.448212,7.0,0.885975,140.08939,127.287941,130.717644,56.755112
Bad,0.556757,10722,0.556757,14,0.561966,0.249512,0.101433,0.086573,0.000183,0.000175,0.000133,2.7e-05,0.0,0.561966,0.312454,99.721985,74.040329,156.555634,203.985489,7.0,0.889103,139.012909,128.138809,129.94516,56.833649
Bad,0.812414,13831,0.812414,7,0.645794,0.182961,0.08994,0.071153,0.005019,0.004517,0.000614,2e-06,0.0,0.645794,0.462833,99.602676,74.979485,155.874252,206.730621,7.0,0.918313,140.855053,127.738464,131.751137,56.271576
Bad,1.016424,15602,1.016424,10,0.916029,0.071382,0.007652,0.004931,3e-06,1e-06,1e-06,0.0,0.0,0.916029,0.844647,91.084229,76.861877,146.01413,202.233246,3.0,0.735087,139.547562,118.549179,125.371368,54.929901
Bad,1.142351,16408,1.142351,11,0.76652,0.22516,0.008195,0.000119,3e-06,2e-06,0.0,0.0,0.0,0.76652,0.541359,90.454468,76.580017,144.685928,200.360138,3.0,0.796376,138.470078,117.570198,123.780121,54.231461
Bad,1.302796,17114,1.302796,12,0.896513,0.103079,0.000283,0.000117,7e-06,1e-06,0.0,0.0,0.0,0.896513,0.793434,90.586853,74.504738,145.689911,205.518799,3.0,0.870983,140.011768,118.138382,131.014061,55.103058
Bad,1.104584,19460,1.104584,9,0.969649,0.030295,4.3e-05,1.2e-05,0.0,0.0,0.0,0.0,0.0,0.969649,0.939354,89.689323,71.848923,145.34082,207.893234,3.0,0.889213,139.871078,117.515072,136.044312,55.651497
Bad,1.111302,17124,1.111302,8,0.981001,0.018591,0.000319,4.1e-05,2.4e-05,2.2e-05,1e-06,0.0,0.0,0.981001,0.96241,97.918579,69.695503,154.139832,203.317261,5.0,0.941699,136.506382,126.029205,133.621758,56.221252
Bad,1.103124,16730,1.103124,13,0.998448,0.00134,0.000187,1.1e-05,8e-06,6e-06,0.0,0.0,0.0,0.998448,0.997108,96.364647,71.468651,154.550323,198.840759,5.0,0.956473,135.154705,125.457485,127.372108,58.185677
Bad,1.144271,14994,1.144271,13,0.992513,0.007208,0.000262,1.4e-05,1e-06,1e-06,0.0,0.0,0.0,0.992513,0.985305,95.966949,72.089516,155.054184,200.736633,5.0,0.939763,136.413074,125.510567,128.647118,59.087234
Bad,1.139565,16439,1.139565,14,0.976897,0.022828,0.000262,6e-06,4e-06,3e-06,0.0,0.0,0.0,0.976897,0.954068,95.945374,72.132378,155.076569,200.239075,5.0,0.933807,136.185726,125.510971,128.106697,59.131195
Bad,1.083127,15234,1.083127,12,0.998373,0.001484,0.000114,2.6e-05,2e-06,2e-06,0.0,0.0,0.0,0.998373,0.996889,95.394966,69.601685,154.117264,202.958832,5.0,0.984811,136.280258,124.756115,133.357147,58.722298
Bad,1.051941,14598,1.051941,10,0.99861,0.001282,8.4e-05,1.9e-05,4e-06,2e-06,0.0,0.0,0.0,0.99861,0.997328,95.32415,70.263321,155.325836,204.236862,5.0,0.98551,137.250092,125.324993,133.973541,60.001686
Bad,1.10534,18020,1.10534,6,0.976517,0.016084,0.007275,8.1e-05,3.2e-05,1e-05,1e-06,0.0,0.0,0.976517,0.960433,95.899979,70.9515,153.940994,200.512756,5.0,0.963342,135.732128,124.920486,129.561256,58.041016
Bad,1.117725,18155,1.117725,7,0.925127,0.049864,0.024838,0.000104,3.5e-05,3.1e-05,1e-06,0.0,0.0,0.925127,0.875263,95.793449,70.230766,153.840195,200.518494,5.0,0.973401,135.37463,124.816822,130.287727,58.046745
Bad,1.175926,14265,1.175926,14,0.999652,0.000329,1.6e-05,1e-06,1e-06,1e-06,0.0,0.0,0.0,0.999652,0.999323,95.897057,71.709152,154.288315,201.338486,5.0,0.953521,136.523819,125.092686,129.629333,58.391258
Bad,1.294198,15346,1.294198,13,0.821065,0.1748,0.002047,0.002001,6.7e-05,1.8e-05,1e-06,0.0,0.0,0.821065,0.646264,96.111786,73.263496,155.428238,200.607483,5.0,0.964641,136.93549,125.770012,127.343987,59.316452
Bad,1.192519,20367,1.192519,10,0.97699,0.016913,0.003671,0.001968,0.000261,0.000189,8e-06,0.0,0.0,0.97699,0.960077,96.303024,72.240265,154.936646,197.937103,5.0,0.950113,135.088684,125.619835,125.696838,58.633621
Bad,0.634332,11835,0.634332,10,0.980613,0.018883,0.000428,7e-05,3e-06,2e-06,0.0,0.0,0.0,0.980613,0.961729,95.841812,72.478584,155.816864,200.987305,5.0,0.951743,136.732944,125.829338,128.50872,59.975052
Bad,0.649946,12103,0.649946,13,0.925709,0.071887,0.001798,0.000454,0.000103,2.4e-05,1.8e-05,6e-06,0.0,0.925709,0.853823,96.000725,71.358246,156.186371,203.074646,5.0,0.969507,137.216446,126.093548,131.7164,60.185646
Bad,0.974055,13572,0.974055,9,0.453979,0.425797,0.072381,0.044671,0.001936,0.001223,1e-05,2e-06,0.0,0.453979,0.028181,96.007416,75.051018,155.390366,206.633453,5.0,0.96209,140.842236,125.698891,131.582436,59.38295
Bad,1.248954,14129,1.248954,12,0.910688,0.069689,0.012863,0.004441,0.002181,0.000135,1e-06,1e-06,0.0,0.910688,0.840999,0.0,0.0,0.0,0.0,0.0,0.0,0.0,0.0,0.0,0.0
Bad,0.89977,13385,0.89977,14,0.584997,0.260019,0.134428,0.020533,1.4e-05,4e-06,4e-06,2e-06,0.0,0.584997,0.324978,0.0,0.0,0.0,0.0,0.0,0.0,0.0,0.0,0.0,0.0
Bad,0.610917,13317,0.610917,16,0.774879,0.131291,0.033122,0.031934,0.026191,0.001724,0.000842,1.7e-05,0.0,0.774879,0.643588,0.0,0.0,0.0,0.0,0.0,0.0,0.0,0.0,0.0,0.0
Bad,1.355205,16229,1.355205,12,0.788654,0.159974,0.049866,0.001366,8.7e-05,4e-05,1.2e-05,1e-06,0.0,0.788654,0.62868,0.0,0.0,0.0,0.0,0.0,0.0,0.0,0.0,0.0,0.0
Bad,1.095155,21866,1.095155,16,0.724365,0.116031,0.112799,0.045968,0.000435,0.000377,1.9e-05,7e-06,0.0,0.724365,0.608334,0.0,0.0,0.0,0.0,0.0,0.0,0.0,0.0,0.0,0.0
Bad,1.145695,10498,1.145695,19,0.894402,0.083584,0.019139,0.002142,0.00046,0.000217,3.8e-05,1.8e-05,0.0,0.894402,0.810818,0.0,0.0,0.0,0.0,0.0,0.0,0.0,0.0,0.0,0.0
Bad,1.256887,24825,1.256887,9,0.902761,0.045957,0.044008,0.007039,0.000219,7e-06,6e-06,2e-06,0.0,0.902761,0.856804,0.0,0.0,0.0,0.0,0.0,0.0,0.0,0.0,0.0,0.0
Bad,1.28322,22619,1.28322,12,0.56949,0.241595,0.109413,0.07701,0.001922,0.000342,0.000211,1.7e-05,0.0,0.56949,0.327895,0.0,0.0,0.0,0.0,0.0,0.0,0.0,0.0,0.0,0.0
Bad,0.899401,10890,0.899401,21,0.559671,0.328654,0.089094,0.015279,0.004945,0.00227,8.5e-05,3e-06,0.0,0.559671,0.231018,0.0,0.0,0.0,0.0,0.0,0.0,0.0,0.0,0.0,0.0
Bad,1.055315,14977,1.055315,12,0.959056,0.032015,0.007984,0.00067,0.000208,5.3e-05,9e-06,5e-06,0.0,0.959056,0.927042,0.0,0.0,0.0,0.0,0.0,0.0,0.0,0.0,0.0,0.0
Bad,0.998141,17710,0.998141,13,0.50146,0.454954,0.031351,0.008482,0.003042,0.000464,0.000144,0.000103,0.0,0.50146,0.046505,0.0,0.0,0.0,0.0,0.0,0.0,0.0,0.0,0.0,0.0
Bad,1.251721,17930,1.251721,18,0.571308,0.263261,0.158082,0.006768,0.000444,8.2e-05,3.5e-05,2.1e-05,0.0,0.571308,0.308047,0.0,0.0,0.0,0.0,0.0,0.0,0.0,0.0,0.0,0.0
Bad,1.282227,17064,1.282227,14,0.552284,0.436638,0.006546,0.002384,0.001624,0.000356,0.000154,1.4e-05,0.0,0.552284,0.115645,0.0,0.0,0.0,0.0,0.0,0.0,0.0,0.0,0.0,0.0
Bad,1.346651,13003,1.346651,23,0.482616,0.425885,0.07468,0.009061,0.005311,0.001244,0.00111,9.3e-05,0.0,0.482616,0.056731,0.0,0.0,0.0,0.0,0.0,0.0,0.0,0.0,0.0,0.0
Bad,1.229275,18838,1.229275,14,0.414445,0.322084,0.224104,0.036092,0.002652,0.000556,3.9e-05,2.8e-05,0.0,0.414445,0.092361,0.0,0.0,0.0,0.0,0.0,0.0,0.0,0.0,0.0,0.0
Bad,1.449675,20131,1.449675,7,0.687551,0.156778,0.123437,0.028335,0.003817,4e-05,2.4e-05,1.9e-05,0.0,0.687551,0.530773,0.0,0.0,0.0,0.0,0.0,0.0,0.0,0.0,0.0,0.0
Bad,1.173227,14787,1.173227,15,0.579156,0.259939,0.133304,0.027001,0.000465,9.2e-05,3.9e-05,5e-06,0.0,0.579156,0.319217,0.0,0.0,0.0,0.0,0.0,0.0,0.0,0.0,0.0,0.0
Bad,1.181825,10434,1.181825,15,0.540087,0.313482,0.101564,0.0444,0.000247,0.000174,2.8e-05,1.9e-05,0.0,0.540087,0.226605,0.0,0.0,0.0,0.0,0.0,0.0,0.0,0.0,0.0,0.0
Bad,1.082524,27736,1.082524,10,0.866665,0.095981,0.024855,0.008051,0.002925,0.000833,0.000675,1.5e-05,0.0,0.866665,0.770684,0.0,0.0,0.0,0.0,0.0,0.0,0.0,0.0,0.0,0.0
Bad,1.530498,33624,1.530498,5,0.391131,0.364891,0.174588,0.065093,0.002938,0.001054,0.000288,1.6e-05,0.0,0.391131,0.02624,0.0,0.0,0.0,0.0,0.0,0.0,0.0,0.0,0.0,0.0
Bad,1.663544,13580,1.663544,14,0.806748,0.190184,0.002943,6.8e-05,2.2e-05,1.9e-05,1.6e-05,0.0,0.0,0.806748,0.616564,0.0,0.0,0.0,0.0,0.0,0.0,0.0,0.0,0.0,0.0
Bad,1.164049,13035,1.164049,16,0.743441,0.24626,0.008715,0.001178,0.000375,1.2e-05,1.1e-05,8e-06,0.0,0.743441,0.497181,0.0,0.0,0.0,0.0,0.0,0.0,0.0,0.0,0.0,0.0
Bad,0.874781,16872,0.874781,11,0.603164,0.278822,0.117746,0.000244,1.7e-05,6e-06,1e-06,0.0,0.0,0.603164,0.324342,107.82888,72.419296,158.63501,186.500107,0.0,0.989726,129.459702,133.231945,114.080811,50.806129
Bad,0.691883,17146,0.691883,15,0.978101,0.01359,0.007945,0.000261,8e-05,1.2e-05,1.1e-05,0.0,0.0,0.978101,0.964511,107.588997,77.443024,157.380173,188.683167,0.0,0.896899,133.063095,132.484585,111.240143,49.791176
Bad,0.866407,18902,0.866407,6,0.74389,0.246296,0.009712,8.9e-05,7e-06,5e-06,1e-06,0.0,0.0,0.74389,0.497594,107.905365,75.693008,158.262756,186.431015,0.0,0.989822,131.062012,133.084061,110.738007,50.357391
Bad,0.719858,15977,0.719858,18,0.883734,0.081809,0.025897,0.008376,0.000162,2.1e-05,1e-06,0.0,0.0,0.883734,0.801925,0.0,0.0,0.0,0.0,0.0,0.0,0.0,0.0,0.0,0.0
Bad,0.751968,17165,0.751968,11,0.994165,0.004707,0.001125,3e-06,1e-06,0.0,0.0,0.0,0.0,0.994165,0.989458,107.908287,78.099655,157.563843,187.901016,0.0,0.997141,133.000336,132.736065,109.801361,49.655556
Bad,0.838148,17020,0.838148,10,0.506069,0.43767,0.055947,0.000249,6.1e-05,3e-06,0.0,0.0,0.0,0.506069,0.068398,107.970772,77.813293,157.921112,187.006042,0.0,0.979883,132.409668,132.945942,109.192749,49.95034
Bad,0.798099,24654,0.798099,8,0.979539,0.013547,0.006904,5e-06,4e-06,0.0,0.0,0.0,0.0,0.979539,0.965992,107.594521,78.022842,156.688538,189.437881,0.0,0.990948,133.730362,132.141529,111.415039,49.094017
Bad,0.964905,29507,0.964905,2,0.945539,0.03446,0.019768,0.000218,1.4e-05,1e-06,0.0,0.0,0.0,0.945539,0.911079,99.309082,81.159668,164.439575,194.59491,5.0,0.782367,137.877289,131.874329,113.435242,65.130493
Bad,0.914866,17928,0.914866,8,0.957325,0.022063,0.020417,0.000182,1.1e-05,1e-06,0.0,0.0,0.0,0.957325,0.935262,104.653221,74.621422,156.712158,186.631805,0.0,0.975498,130.626614,130.68269,112.010384,52.058937
Bad,0.966779,23166,0.966779,6,0.76662,0.222637,0.010719,1.2e-05,7e-06,4e-06,1e-06,0.0,0.0,0.76662,0.543984,113.774353,74.29567,156.83786,184.483902,0.0,0.99696,129.389786,135.306107,110.188232,43.063507
Bad,0.865612,21906,0.865612,5,0.629253,0.221017,0.149687,4.1e-05,1e-06,1e-06,0.0,0.0,0.0,0.629253,0.408236,108.19886,76.675735,158.316101,187.665207,0.0,0.995948,132.170471,133.257481,110.989471,50.117241
Bad,0.884534,16971,0.884534,8,0.802856,0.138331,0.05873,8.2e-05,1e-06,0.0,0.0,0.0,0.0,0.802856,0.664525,108.599144,76.551064,159.072708,187.342133,0.0,0.996624,131.946598,133.835926,110.791069,50.473564
Bad,0.916432,18190,0.916432,9,0.69313,0.204274,0.102457,0.000109,2.4e-05,4e-06,2e-06,0.0,0.0,0.69313,0.488855,108.420517,76.773972,158.121658,187.319504,0.0,0.993422,132.046738,133.271088,110.545532,49.701141
Bad,1.0027,16345,1.0027,7,0.708573,0.223525,0.067699,0.000177,2.1e-05,3e-06,1e-06,0.0,0.0,0.708573,0.485048,107.872757,79.749359,158.023331,188.271484,0.0,0.976218,134.010422,132.948044,108.522125,50.150574
Bad,0.852899,18635,0.852899,11,0.687503,0.254547,0.057916,3.1e-05,3e-06,1e-06,0.0,0.0,0.0,0.687503,0.432956,107.599983,77.505157,156.44342,187.45459,0.0,0.993556,132.479874,132.021702,109.949432,48.843437
Bad,0.921167,21192,0.921167,6,0.535285,0.365404,0.099266,2.9e-05,1.6e-05,0.0,0.0,0.0,0.0,0.535285,0.16988,113.522865,79.875168,155.7565,185.628464,0.0,0.999035,132.751816,134.639683,105.753296,42.233635
Bad,0.795679,19741,0.795679,8,0.986647,0.00879,0.004405,0.000152,3e-06,3e-06,0.0,0.0,0.0,0.986647,0.977856,108.098953,79.763977,158.094742,189.737152,0.0,0.995864,134.750565,133.096848,109.973175,49.995789
Bad,0.844966,20753,0.844966,7,0.997904,0.00207,2.6e-05,0.0,0.0,0.0,0.0,0.0,0.0,0.997904,0.995833,107.642509,75.967339,157.860031,187.232208,0.0,0.991496,131.599773,132.75127,111.26487,50.217522
Bad,0.772762,22527,0.772762,9,0.984978,0.009156,0.005855,8e-06,4e-06,0.0,0.0,0.0,0.0,0.984978,0.975822,107.545807,77.515869,156.600342,188.942535,0.0,0.989119,133.229202,132.073074,111.426666,49.054535
Bad,0.860919,20640,0.860919,8,0.922344,0.041969,0.035683,4e-06,1e-06,0.0,0.0,0.0,0.0,0.922344,0.880376,108.460709,82.939255,158.483353,189.782425,0.0,0.992907,136.36084,133.472031,106.84317,50.022644
Bad,1.082896,16981,1.082896,9,0.999574,0.000333,9.1e-05,1e-06,0.0,0.0,0.0,0.0,0.0,0.999574,0.999241,92.387383,85.519928,147.170868,201.645691,3.0,0.897647,143.582809,119.779125,116.125763,54.783485
Bad,1.107058,25865,1.107058,8,0.973395,0.019158,0.007427,1.2e-05,8e-06,0.0,0.0,0.0,0.0,0.973395,0.954237,107.729088,79.582115,156.21817,191.147675,0.0,0.988889,135.364895,131.973629,111.565559,48.489082
Bad,0.964895,16987,0.964895,10,0.557337,0.286275,0.155675,0.000628,8.4e-05,1e-06,0.0,0.0,0.0,0.557337,0.271062,107.679886,78.952736,157.718399,189.086456,0.0,0.983815,134.019596,132.699142,110.13372,50.038513
Bad,1.171054,15854,1.171054,15,0.791642,0.205366,0.002946,3.8e-05,7e-06,1e-06,0.0,0.0,0.0,0.791642,0.586275,112.170288,75.441574,154.459045,183.484726,0.0,0.986889,129.46315,133.314667,108.043152,42.288757
Bad,0.829144,16015,0.829144,16,0.882377,0.057722,0.041118,0.018724,5.8e-05,1e-06,0.0,0.0,0.0,0.882377,0.824655,107.678741,82.80648,156.649994,190.452454,0.0,0.980122,136.629467,132.164368,107.645973,48.971252
Bad,0.808413,16580,0.808413,11,0.655501,0.334534,0.009918,4.2e-05,5e-06,0.0,0.0,0.0,0.0,0.655501,0.320967,105.313606,76.58786,157.881409,188.132843,0.0,0.987861,132.360352,131.597507,111.544983,52.567802
Bad,0.93398,17675,0.93398,11,0.925528,0.068929,0.005455,5.5e-05,2.1e-05,7e-06,4e-06,0.0,0.0,0.925528,0.856599,107.565918,76.501808,157.825714,188.282715,0.0,0.990531,132.392262,132.695816,111.780907,50.259796
Bad,0.980855,18726,0.980855,10,0.972816,0.021319,0.005373,0.000301,0.000175,1.2e-05,3e-06,0.0,0.0,0.972816,0.951497,104.926308,89.45118,160.318176,190.208832,7.0,0.709906,139.830006,132.622242,100.757652,55.391869
Bad,0.916692,16052,0.916692,9,0.670859,0.232133,0.087735,0.008429,0.00084,2e-06,2e-06,0.0,0.0,0.670859,0.438727,105.772255,87.225662,161.527527,186.482834,7.0,0.78413,136.854248,133.649891,99.257172,55.755272
Bad,1.010429,16573,1.010429,9,0.999562,0.000191,0.000133,0.000103,9e-06,1e-06,0.0,0.0,0.0,0.999562,0.999371,104.457397,89.114571,160.10083,189.346771,7.0,0.843041,139.230671,132.279114,100.232201,55.643433
Bad,1.172083,21664,1.172083,6,0.98687,0.01088,0.002123,0.000112,9e-06,5e-06,2e-06,0.0,0.0,0.98687,0.97599,106.244751,89.856918,162.005157,191.048141,7.0,0.725329,140.45253,134.124954,101.191223,55.760406
Bad,1.288576,21145,1.288576,5,0.940787,0.050077,0.006386,0.002423,0.000325,1e-06,0.0,0.0,0.0,0.940787,0.89071,95.009064,82.793739,149.690903,202.5802,3.0,0.915694,142.68697,122.349983,119.786461,54.681839
Bad,0.939977,18195,0.939977,19,0.975203,0.022968,0.000759,0.000698,0.000215,0.000105,5.2e-05,0.0,0.0,0.975203,0.952235,94.254814,88.226105,148.330658,203.442627,3.0,0.92093,145.834366,121.292736,115.216522,54.075844
Bad,0.9437,18463,0.9437,17,0.94586,0.051791,0.000916,0.000909,0.000319,0.000114,9e-05,0.0,0.0,0.94586,0.894069,94.199875,87.82119,148.105652,203.316498,3.0,0.920251,145.568844,121.152763,115.495308,53.905777
Bad,0.863758,12057,0.863758,9,0.948358,0.050967,0.000547,8.4e-05,4.1e-05,2e-06,1e-06,0.0,0.0,0.948358,0.897391,93.075493,86.789993,147.167206,199.963577,3.0,0.911908,143.376785,120.121349,113.173584,54.091713
Bad,0.934162,18610,0.934162,10,0.999262,0.000553,0.000114,4.2e-05,2.7e-05,1e-06,0.0,0.0,0.0,0.999262,0.998709,93.516953,85.895325,147.852127,199.800903,3.0,0.969475,142.848114,120.68454,113.905579,54.335175
Bad,0.977274,17895,0.977274,6,0.907382,0.064015,0.027803,0.000417,0.00038,2e-06,0.0,0.0,0.0,0.907382,0.843366,92.580818,86.698624,147.080719,202.711838,3.0,0.968503,144.705231,119.830769,116.013214,54.499901
Bad,0.930233,17983,0.930233,4,0.855249,0.099429,0.04459,0.000375,0.000355,3e-06,0.0,0.0,0.0,0.855249,0.75582,92.569359,86.620102,147.130493,202.549026,3.0,0.964575,144.584564,119.849926,115.928925,54.561134
Bad,0.998674,17913,0.998674,7,0.963788,0.018458,0.01637,0.001245,0.000126,9e-06,2e-06,1e-06,0.0,0.963788,0.945331,92.903503,84.623871,147.273575,199.555725,3.0,0.936016,142.089798,120.088539,114.931854,54.370071
Bad,0.97313,18176,0.97313,10,0.996558,0.002658,0.000385,0.000332,6.6e-05,1e-06,0.0,0.0,0.0,0.996558,0.9939,92.774261,85.814926,146.927231,199.8936,3.0,0.934752,142.854263,119.850746,114.078674,54.152969
Bad,1.113271,19854,1.113271,5,0.999891,6e-05,4.9e-05,0.0,0.0,0.0,0.0,0.0,0.0,0.999891,0.999831,92.492722,85.387169,147.876236,200.599304,3.0,0.968359,142.993237,120.184479,115.212135,55.383514
Bad,0.911075,24859,0.911075,6,0.46604,0.448305,0.039003,0.019306,0.0145,0.012586,0.000163,9.7e-05,0.0,0.46604,0.017736,70.846809,66.7099,155.74472,174.903854,3.0,0.769001,120.806877,113.295765,108.193954,84.897911
Bad,0.966732,20739,0.966732,6,0.854328,0.059074,0.034874,0.029092,0.012062,0.010044,0.00032,0.000206,0.0,0.854328,0.795254,72.503693,68.26268,153.850647,177.87352,3.0,0.734925,123.0681,113.17717,109.61084,81.346954
Bad,0.733928,21740,0.733928,7,0.6148,0.265011,0.112515,0.002713,0.002362,0.001917,0.000679,2e-06,0.0,0.6148,0.349789,0.0,0.0,0.0,0.0,0.0,0.0,0.0,0.0,0.0,0.0
Bad,0.962048,24742,0.962048,3,0.3376,0.301588,0.172746,0.107732,0.055583,0.019934,0.004308,0.000509,0.0,0.3376,0.036013,70.823792,63.769249,154.790894,172.770111,3.0,0.754195,118.26968,112.807343,109.000862,83.967102
Bad,0.807498,22579,0.807498,8,0.913515,0.059471,0.014102,0.009951,0.001673,0.001261,1.8e-05,9e-06,0.0,0.913515,0.854044,72.4328,64.172394,157.221832,177.725464,3.0,0.663987,120.948929,114.827316,113.55307,84.789032
Bad,0.867079,22637,0.867079,11,0.912805,0.049667,0.017902,0.009245,0.0074,0.001979,0.000849,0.000153,0.0,0.912805,0.863139,67.169937,61.038513,156.908096,171.598953,3.0,0.519767,116.318733,112.039017,110.56044,89.738159
Bad,0.837876,20252,0.837876,8,0.410302,0.40189,0.162078,0.021868,0.00219,0.001273,0.000395,4e-06,0.0,0.410302,0.008411,0.0,0.0,0.0,0.0,0.0,0.0,0.0,0.0,0.0,0.0
Bad,1.118237,21152,1.118237,5,0.350104,0.213068,0.210555,0.07974,0.057441,0.053288,0.035683,0.000121,0.0,0.350104,0.137036,0.0,0.0,0.0,0.0,0.0,0.0,0.0,0.0,0.0,0.0
Bad,0.977863,25130,0.977863,5,0.459626,0.210802,0.204533,0.093718,0.024917,0.004663,0.001366,0.000374,0.0,0.459626,0.248824,69.679413,67.582062,156.979584,174.088501,3.0,0.514465,120.835281,113.329498,106.506439,87.300171
Bad,0.809536,22655,0.809536,9,0.70799,0.114917,0.092227,0.066575,0.012045,0.005391,0.000848,8e-06,0.0,0.70799,0.593074,65.378265,58.119881,158.076233,166.710388,3.0,0.50847,112.415134,111.727249,108.590508,92.697968
Bad,0.927027,23279,0.927027,6,0.638184,0.159755,0.072975,0.059595,0.055543,0.006366,0.005957,0.001626,0.0,0.638184,0.478429,70.925537,84.492615,168.475616,178.963226,1.0,0.614873,131.727921,119.700577,94.470612,97.550079
Bad,0.754108,19604,0.754108,9,0.960281,0.038668,0.000503,0.000296,0.000208,4.2e-05,2e-06,0.0,0.0,0.960281,0.921613,71.013412,91.790863,167.193375,170.749664,8.0,0.99593,131.270264,119.103394,78.958801,96.179962
Bad,1.193212,20800,1.193212,3,0.991529,0.008145,0.00017,0.000128,2.1e-05,5e-06,2e-06,1e-06,0.0,0.991529,0.983384,76.883301,92.507309,170.071243,172.457077,8.0,0.996221,132.482193,123.477272,79.949768,93.187943
Bad,1.322864,21314,1.322864,7,0.976421,0.022208,0.001159,0.000175,3.2e-05,2e-06,1e-06,1e-06,0.0,0.976421,0.954213,78.800438,93.945992,166.653412,173.497559,8.0,0.997412,133.721775,122.726925,79.551567,87.852974
Bad,1.213666,22471,1.213666,6,0.587036,0.348589,0.052772,0.005408,0.00492,0.000974,0.000174,0.000129,0.0,0.587036,0.238447,73.926331,93.145859,170.802292,170.684708,8.0,0.998349,131.915283,122.364311,77.538849,96.875961
Bad,0.982824,21877,0.982824,6,0.998777,0.001165,2.8e-05,2e-05,9e-06,1e-06,0.0,0.0,0.0,0.998777,0.997612,80.208305,93.228378,169.14447,173.537125,8.0,0.996007,133.382751,124.676388,80.308746,88.936165
Bad,0.841587,19481,0.841587,8,0.988386,0.008358,0.003142,4.3e-05,3.8e-05,2.8e-05,3e-06,1e-06,0.0,0.988386,0.980027,77.506027,93.227242,170.40155,170.144012,8.0,0.998522,131.685627,123.953789,76.916771,92.895523
Bad,0.933084,24726,0.933084,6,0.972499,0.026615,0.000392,0.000211,0.000113,0.000102,6.8e-05,0.0,0.0,0.972499,0.945884,71.588791,89.019722,166.57869,169.512146,8.0,0.998519,129.265934,119.08374,80.492424,94.989899
Bad,1.171094,17536,1.171094,11,0.746176,0.249993,0.002369,0.000737,0.000446,0.00025,1.9e-05,9e-06,0.0,0.746176,0.496182,79.962967,91.969963,166.134476,173.794983,8.0,0.993789,132.882473,123.048721,81.82502,86.171509
Bad,0.985243,21082,0.985243,7,0.673379,0.233657,0.065828,0.023365,0.002279,0.00093,0.000555,8e-06,0.0,0.673379,0.439722,73.788513,85.887802,167.035004,170.906509,8.0,0.977198,128.397156,120.411758,85.018707,93.24649
Bad,0.78765,17621,0.78765,8,0.992266,0.005223,0.00224,0.000248,1e-05,8e-06,3e-06,2e-06,0.0,0.992266,0.987043,70.187576,91.543594,166.368118,172.129135,8.0,0.998995,131.836365,118.277847,80.585541,96.180542
Bad,1.199345,22309,1.199345,8,0.948794,0.035033,0.014906,0.001016,0.000157,7.8e-05,1.1e-05,4e-06,0.0,0.948794,0.913761,76.767532,93.192429,169.448639,171.776596,8.0,0.997882,132.484512,123.108086,78.584167,92.681107
Bad,1.192527,23725,1.192527,7,0.660151,0.299548,0.017172,0.009631,0.007461,0.003942,0.001859,0.000237,0.0,0.660151,0.360603,77.487587,92.815048,168.228882,172.976761,8.0,0.998813,132.895905,122.858234,80.161713,90.741295
Bad,1.039539,22203,1.039539,5,0.915673,0.081143,0.001648,0.000833,0.000689,7e-06,4e-06,4e-06,0.0,0.915673,0.83453,73.443077,91.202057,167.062561,172.822357,8.0,0.99079,132.012207,120.252819,81.6203,93.619484
Bad,0.973135,19722,0.973135,5,0.92288,0.073236,0.002428,0.000983,0.000293,9.3e-05,7.3e-05,1.4e-05,0.0,0.92288,0.849644,70.56488,90.06929,165.760178,173.9095,8.0,0.997607,131.989395,118.162529,83.84021,95.195297
Bad,1.032771,22695,1.032771,10,0.677663,0.27588,0.035492,0.004991,0.003605,0.001913,0.000302,0.000154,0.0,0.677663,0.401783,71.890068,91.787811,168.468994,172.711914,8.0,0.997043,132.249863,120.179531,80.924103,96.578926
Bad,1.011779,19027,1.011779,17,0.930897,0.067107,0.001163,0.000559,0.000193,3.6e-05,2.9e-05,1.6e-05,0.0,0.930897,0.86379,72.201691,91.089439,168.21991,172.503021,8.0,0.997306,131.79623,120.2108,81.413582,96.018219
Bad,0.854612,22125,0.854612,8,0.996408,0.0027,0.000678,0.000181,2.9e-05,2e-06,1e-06,0.0,0.0,0.996408,0.993708,73.347137,87.110794,166.463516,172.628647,8.0,0.987563,129.86972,119.905327,85.517853,93.116379
Bad,1.102436,20766,1.102436,8,0.682386,0.310629,0.00553,0.000968,0.000312,0.000155,2.1e-05,0.0,0.0,0.682386,0.371757,77.144485,91.102219,167.56488,172.347488,8.0,0.988212,131.724854,122.354683,81.24527,90.420395
Bad,0.747426,19324,0.747426,3,0.847204,0.127016,0.024991,0.000633,8.4e-05,6.1e-05,1e-05,1e-06,0.0,0.847204,0.720187,75.859985,90.21611,169.509476,169.798996,8.0,0.992239,130.007553,122.684731,79.582886,93.64949
Bad,1.021538,21719,1.021538,10,0.91558,0.079929,0.004252,0.000112,7.6e-05,4.5e-05,6e-06,0.0,0.0,0.91558,0.835652,74.017075,90.970459,167.403015,172.679077,8.0,0.998274,131.824768,120.710045,81.708618,93.385941
Bad,0.974422,19535,0.974422,8,0.480214,0.285682,0.203468,0.027372,0.002166,0.000904,0.000139,5.6e-05,0.0,0.480214,0.194532,65.50737,86.016724,165.226089,174.826385,6.0,0.997726,130.421555,115.36673,88.809662,99.718719
Bad,0.929083,28563,0.929083,4,0.993307,0.002466,0.001408,0.00129,0.000834,0.000665,3e-05,1e-06,0.0,0.993307,0.990842,65.850128,81.111633,160.958252,174.851166,6.0,0.99739,127.9814,113.40419,93.739532,95.108124
Bad,1.182109,26623,1.182109,3,0.51215,0.332682,0.150524,0.001441,0.001082,0.001045,0.000836,0.000241,0.0,0.51215,0.179468,64.005798,79.37262,160.792236,174.482056,6.0,0.988787,126.927338,112.399017,95.109436,96.786438
Bad,0.976194,20594,0.976194,7,0.565456,0.275564,0.136943,0.009917,0.009351,0.002653,9.2e-05,2.4e-05,0.0,0.565456,0.289891,66.893112,81.201843,162.473907,174.807648,6.0,0.997183,128.004745,114.68351,93.605804,95.580795
Bad,0.971667,19417,0.971667,11,0.469288,0.31388,0.129785,0.060039,0.015911,0.009275,0.001292,0.000529,0.0,0.469288,0.155408,65.534775,75.23143,162.636993,170.210571,6.0,0.820828,122.721001,114.085884,94.979141,97.102219
Bad,1.266195,19585,1.266195,8,0.528182,0.284986,0.177325,0.0049,0.003155,0.001293,8.2e-05,7.8e-05,0.0,0.528182,0.243196,65.159164,79.908005,159.231445,173.097244,6.0,0.973969,126.502625,112.195305,93.18924,94.072281
Bad,1.023015,22966,1.023015,8,0.525849,0.431532,0.038212,0.003808,0.000439,9.2e-05,4.4e-05,2.5e-05,0.0,0.525849,0.094318,64.799835,84.757385,164.99295,174.425659,6.0,0.995153,129.591522,114.896393,89.668274,100.193115
Bad,1.494589,26652,1.494589,11,0.968966,0.023735,0.002717,0.002353,0.001312,0.000886,3e-05,2e-06,0.0,0.968966,0.94523,64.625916,79.602859,161.85614,164.82811,6.0,0.919689,122.215485,113.241028,85.22525,97.230225
Bad,1.078874,26106,1.078874,4,0.777351,0.142258,0.028745,0.019711,0.01319,0.012851,0.003812,0.002082,0.0,0.777351,0.635093,63.742214,76.655113,160.61467,172.616882,6.0,0.990227,124.635998,112.178442,95.961769,96.872456
Bad,0.899497,29611,0.899497,7,0.805082,0.076655,0.053069,0.024024,0.022185,0.017351,0.001556,7.8e-05,0.0,0.805082,0.728427,71.643127,76.785271,164.361115,170.277405,7.0,0.927156,123.531338,118.002121,93.492134,92.717987
Bad,1.038239,22389,1.038239,9,0.818738,0.134698,0.017286,0.012688,0.01237,0.002547,0.001018,0.000655,0.0,0.818738,0.68404,64.620743,74.645409,162.461624,171.469208,6.0,0.935677,123.057308,113.541183,96.823799,97.840881
Bad,0.972361,26564,0.972361,7,0.334918,0.280686,0.279378,0.055182,0.048485,0.000616,0.000503,0.000231,0.0,0.334918,0.054232,64.275742,77.966736,162.309982,173.572769,6.0,0.981512,125.769753,113.292862,95.606033,98.034241
Bad,1.148728,22571,1.148728,7,0.830704,0.089205,0.075283,0.002444,0.001527,0.000563,0.000197,7.7e-05,0.0,0.830704,0.7415,65.01963,76.279327,162.119598,170.763397,6.0,0.995403,123.521362,113.569614,94.48407,97.099968
Bad,0.899846,22839,0.899846,13,0.484282,0.2695,0.242111,0.001405,0.00112,0.001036,0.000349,0.000196,0.0,0.484282,0.214782,65.807579,78.293793,162.956757,172.278442,6.0,0.995818,125.286118,114.382168,93.98465,97.149178
Bad,0.92838,21703,0.92838,7,0.550536,0.244192,0.202299,0.001655,0.000734,0.000532,3.3e-05,2e-05,0.0,0.550536,0.306345,65.232437,78.891281,162.302307,171.840775,6.0,0.931654,125.366028,113.767372,92.949493,97.06987
Bad,1.105682,22002,1.105682,8,0.469204,0.379241,0.05547,0.046196,0.036561,0.008291,0.003003,0.002034,0.0,0.469204,0.089962,64.90477,76.774933,164.333771,173.314484,6.0,0.958156,125.044708,114.61927,96.539551,99.429001
Bad,0.878398,22317,0.878398,9,0.683675,0.172451,0.099061,0.023919,0.019952,0.000646,0.000291,4e-06,0.0,0.683675,0.511225,63.952335,79.672333,162.260513,174.834106,6.0,0.985077,127.25322,113.106424,95.161774,98.308178
Bad,0.744843,22919,0.744843,9,0.899854,0.055611,0.014266,0.011866,0.011505,0.005354,0.001254,0.00029,0.0,0.899854,0.844243,64.906372,81.917755,163.749664,174.437805,6.0,0.999058,128.17778,114.328018,92.52005,98.843292
Bad,0.886285,24578,0.886285,7,0.686783,0.145693,0.118641,0.014891,0.011838,0.01171,0.010123,0.00032,0.0,0.686783,0.541089,68.051651,76.166985,165.730209,173.597168,5.0,0.99853,124.882076,116.89093,97.430183,97.678558
Bad,0.879166,15077,0.879166,8,0.752638,0.134603,0.108351,0.003538,0.000656,0.000208,6e-06,0.0,0.0,0.752638,0.618035,66.179329,50.317764,156.781647,162.196548,3.0,0.676375,106.257156,111.480488,111.878784,90.602318
Bad,1.044037,22730,1.044037,9,0.711499,0.21888,0.067378,0.001174,0.00041,0.000316,0.000213,0.000129,0.0,0.711499,0.492619,64.509109,81.269264,162.927063,175.195557,6.0,0.994741,128.23241,113.718086,93.926292,98.417953
Bad,1.044473,24398,1.044473,9,0.775393,0.222049,0.00214,0.000206,0.000187,2.5e-05,1e-06,0.0,0.0,0.775393,0.553344,63.227482,81.856216,162.23468,175.252701,6.0,0.98742,128.554459,112.731081,93.396484,99.007198
Bad,0.824784,16821,0.824784,6,0.301816,0.234422,0.205933,0.203725,0.04122,0.010354,0.001508,0.001024,0.0,0.301816,0.067394,63.939117,78.899719,160.666519,175.274719,6.0,0.995314,127.087219,112.302818,96.375,96.727402
Bad,1.324614,19754,1.324614,4,0.895741,0.058372,0.024361,0.017774,0.00234,0.000743,0.000544,0.000126,0.0,0.895741,0.837369,65.715225,77.388145,162.46933,174.204468,6.0,0.978247,125.796307,114.092278,96.816322,96.754105
Bad,1.124024,19571,1.124024,15,0.493124,0.430178,0.054434,0.021023,0.000753,0.000263,0.000124,0.000102,0.0,0.493124,0.062946,65.475998,83.481186,163.08432,175.837662,6.0,0.957446,129.659424,114.280159,92.356476,97.608322
Bad,0.821401,22527,0.821401,9,0.707478,0.215479,0.043605,0.014388,0.009759,0.005066,0.004167,5.8e-05,0.0,0.707478,0.491998,66.138748,81.94162,157.049683,175.913086,7.0,0.916319,128.927353,111.594215,93.971466,90.910934
Bad,1.012878,24161,1.012878,7,0.846328,0.120721,0.013528,0.011695,0.005649,0.001938,0.0001,4.1e-05,0.0,0.846328,0.725607,68.352386,76.527153,159.501526,172.936401,7.0,0.814596,124.731777,113.926956,96.409248,91.149139
Bad,0.968638,23943,0.968638,8,0.856668,0.139444,0.001174,0.000942,0.000646,0.000594,0.000531,1e-06,0.0,0.856668,0.717224,66.053932,77.888138,159.766418,174.357254,7.0,0.859429,126.122696,112.910175,96.469116,93.712486
Bad,0.9962,23839,0.9962,5,0.975148,0.017874,0.002191,0.002061,0.00198,0.000489,0.000232,2.6e-05,0.0,0.975148,0.957274,67.144531,78.287086,157.668671,173.533295,7.0,0.795707,125.910191,112.406601,95.246208,90.524139
Bad,0.990233,20920,0.990233,5,0.445633,0.404253,0.124639,0.022486,0.001951,0.001009,2.8e-05,0.0,0.0,0.445633,0.04138,66.532539,48.055126,157.289307,162.713669,3.0,0.772277,105.384398,111.910923,114.658543,90.756767
Bad,0.97336,19408,0.97336,10,0.728321,0.157695,0.089882,0.018606,0.004595,0.000877,2.3e-05,0.0,0.0,0.728321,0.570626,66.071259,48.726048,157.286102,163.004974,3.0,0.740171,105.865511,111.67868,114.278927,91.214844
Bad,0.888151,18665,0.888151,10,0.629325,0.166642,0.116134,0.071047,0.008396,0.007531,0.000912,1.3e-05,0.0,0.629325,0.462683,66.538818,48.713676,157.367905,162.700562,3.0,0.643769,105.707119,111.953362,113.986885,90.829086
Bad,0.747374,24054,0.747374,12,0.641916,0.30905,0.0299,0.009456,0.008517,0.00099,0.000167,5e-06,0.0,0.641916,0.332866,67.044884,52.934486,157.556213,156.79834,3.0,0.56802,104.866413,112.300549,103.863853,90.51133
Bad,1.13866,19974,1.13866,6,0.722687,0.161084,0.109126,0.005647,0.001046,0.000345,6.3e-05,1e-06,0.0,0.722687,0.561603,66.071609,47.813183,157.091858,162.068466,3.0,0.616179,104.940825,111.581734,114.255283,91.020248
Bad,0.78391,17955,0.78391,6,0.406906,0.284246,0.149394,0.080756,0.054688,0.022182,0.001686,0.000142,0.0,0.406906,0.122661,66.194916,49.644299,156.945114,163.817978,3.0,0.508373,106.731138,111.570015,114.173679,90.750198
Bad,0.832201,24572,0.832201,6,0.301207,0.214107,0.145255,0.142131,0.106464,0.088033,0.0022,0.000602,0.0,0.301207,0.0871,65.879082,78.44577,166.467102,177.068665,5.0,0.998964,127.757217,116.173092,98.622894,100.58802
Bad,0.912709,22106,0.912709,3,0.346194,0.290924,0.22984,0.087925,0.020985,0.018543,0.003482,0.002108,0.0,0.346194,0.05527,68.004944,75.693077,167.435806,173.568054,5.0,0.999012,124.630566,117.720375,97.874977,99.430862
Bad,0.833945,17878,0.833945,7,0.916214,0.031741,0.024735,0.009186,0.007472,0.004383,0.004161,0.002107,0.0,0.916214,0.884474,67.535454,76.443329,167.213623,175.204071,5.0,0.999752,125.8237,117.374538,98.760742,99.678169
Bad,0.787292,18199,0.787292,9,0.851141,0.060063,0.027195,0.024751,0.011211,0.009783,0.008624,0.007233,0.0,0.851141,0.791078,66.771942,76.989014,167.098923,175.949295,5.0,0.999707,126.469154,116.935432,98.960281,100.326981
Bad,0.738086,19803,0.738086,9,0.848524,0.050349,0.032856,0.021767,0.021766,0.011412,0.009013,0.004311,0.0,0.848524,0.798175,67.780045,76.933609,167.604874,176.473999,5.0,0.999786,126.703804,117.692459,99.54039,99.824829
Bad,0.733657,19250,0.733657,11,0.716203,0.168175,0.07112,0.015122,0.010655,0.008685,0.005417,0.004623,0.0,0.716203,0.548028,67.269974,77.358681,168.359146,176.974548,5.0,0.999136,127.166615,117.81456,99.615868,101.089172
Bad,1.116633,24738,1.116633,11,0.781267,0.08217,0.054949,0.040377,0.015453,0.01499,0.008594,0.002201,0.0,0.781267,0.699097,64.995728,76.709473,166.57608,176.89299,5.0,0.999554,126.801231,115.785904,100.183517,101.580353
Bad,1.014542,23143,1.014542,9,0.87762,0.03839,0.036808,0.019851,0.013477,0.006314,0.004501,0.003039,0.0,0.87762,0.839231,65.347893,76.827477,167.605011,177.01889,5.0,0.999562,126.923183,116.476452,100.191414,102.257118
Bad,0.775677,21882,0.775677,11,0.33749,0.247277,0.137901,0.109972,0.107274,0.032924,0.023422,0.003741,0.0,0.33749,0.090213,68.124435,75.991852,168.110275,175.041153,5.0,0.999781,125.516502,118.117355,99.049301,99.98584
Bad,0.830826,23658,0.830826,5,0.485536,0.293042,0.100973,0.050292,0.034514,0.021147,0.009287,0.005208,0.0,0.485536,0.192494,67.296188,77.786972,167.505661,176.077545,5.0,0.999794,126.932259,117.400925,98.290573,100.209473
Bad,1.061769,24737,1.061769,6,0.513417,0.296571,0.110277,0.042925,0.031275,0.003338,0.001972,0.000224,0.0,0.513417,0.216846,65.833572,75.855789,165.212387,175.097961,5.0,0.999602,125.476875,115.52298,99.242172,99.378815
